"ID","Description","GeneRatio","BgRatio","pvalue","p.adjust","qvalue","geneID","Count"
"GO:0098984","neuron to neuron synapse","111/2058","448/28573",1.6114877384952e-31,1.16349414719353e-28,6.395061867502e-29,"Rpl7/Rims1/Adgrb3/Map2/Abi1/Pkp4/Rapgef4/Lrp4/Dgkz/Kcna4/Pak6/Plcb4/Flrt3/Chmp4b/Fabp5/Tnik/Gria2/Syt11/Rps27/Atp1a1/Ank2/Map3k7/Grin3a/Ptprd/Mpdz/Elavl2/Dlgap3/Clstn1/Ywhah/Grk3/Cabp1/Rplp0/Nos1/Hip1r/Ptprz1/Plxna4/Dgki/Hnrnpa2b1/Ctnna2/Iqsec1/Itpr1/Syn2/Iqsec3/Clstn3/Gapdh/Ptpro/Prkcg/Shisa7/Rps19/Atp1a3/Shank1/Grin2d/Abhd17c/Dlg2/Rps3/Rps13/Shank2/Dlgap2/Homer3/Vps35/Egln1/Mtmr2/Arhgap32/Hspa8/Grik4/Rps25/Cadm1/Myo6/Stxbp5/Akap7/Palm/Syt1/Camk2b/Adcy1/Sptbn1/Cpeb4/Gria1/Snap47/Arhgap44/Fxr2/Rgs9/Rpl38/Rtn1/Akap5/Ntrk2/Gapdhrt/Slitrk1/Ctnnd2/Ywhaz/Adcy8/Adgrb1/Rpl8/Shank3/Slc4a8/Scn8a/Rogdi/Mapk1/Dlg1/Kalrn/Nectin3/Rps18/Nrxn1/Nr3c1/Grk2/Rtn3/Ina/Add3/Ablim1/Syp/Fmr1/Hnrnph2",111
"GO:0032279","asymmetric synapse","103/2058","407/28573",3.82284521727628e-30,1.1705115554142e-27,6.43363254688954e-28,"Rpl7/Rims1/Adgrb3/Map2/Abi1/Pkp4/Rapgef4/Lrp4/Dgkz/Kcna4/Pak6/Plcb4/Flrt3/Chmp4b/Fabp5/Tnik/Gria2/Syt11/Rps27/Atp1a1/Ank2/Map3k7/Grin3a/Mpdz/Elavl2/Dlgap3/Clstn1/Ywhah/Grk3/Cabp1/Rplp0/Nos1/Hip1r/Ptprz1/Plxna4/Dgki/Hnrnpa2b1/Ctnna2/Iqsec1/Itpr1/Syn2/Iqsec3/Clstn3/Gapdh/Ptpro/Prkcg/Shisa7/Rps19/Shank1/Grin2d/Abhd17c/Dlg2/Rps3/Rps13/Shank2/Dlgap2/Homer3/Vps35/Egln1/Mtmr2/Arhgap32/Hspa8/Grik4/Rps25/Cadm1/Myo6/Palm/Camk2b/Adcy1/Sptbn1/Cpeb4/Gria1/Snap47/Arhgap44/Fxr2/Rgs9/Rpl38/Rtn1/Akap5/Ntrk2/Gapdhrt/Slitrk1/Ctnnd2/Adcy8/Adgrb1/Rpl8/Shank3/Slc4a8/Scn8a/Mapk1/Dlg1/Kalrn/Nectin3/Rps18/Nr3c1/Grk2/Rtn3/Ina/Add3/Ablim1/Syp/Fmr1/Hnrnph2",103
"GO:0099572","postsynaptic specialization","107/2058","436/28573",4.86362142138865e-30,1.1705115554142e-27,6.43363254688954e-28,"Rpl7/Rims1/Adgrb3/Map2/Abi1/Pkp4/Rapgef4/Lrp4/Dgkz/Pak6/Plcb4/Flrt3/Chmp4b/Fabp5/Tnik/Gria2/Glrb/Syt11/Chrnb2/Rps27/Atp1a1/Ank2/Map3k7/Grin3a/Mpdz/Dlgap3/Clstn1/Grk3/Cabp1/Rplp0/Nos1/Hip1r/Kcnd2/Ptprz1/Dgki/Hnrnpa2b1/Ctnna2/Iqsec1/Itpr1/Lhfpl4/Syn2/Iqsec3/Clstn3/Gapdh/Ptpro/Prkcg/Shisa7/Rps19/Shank1/Cyth2/Grin2d/Abhd17c/Dlg2/Rps3/Rps13/Shank2/Dlgap2/Homer3/Vps35/Egln1/Mtmr2/Arhgap32/Hspa8/Grik4/Rps25/Cadm1/Myo6/Palm/Camk2b/Adcy1/Sptbn1/Cpeb4/Gabrb2/Gria1/Snap47/Arhgap44/Fxr2/Nlgn2/Rgs9/Rpl38/Rtn1/Akap5/Ntrk2/Erbin/Gapdhrt/Slitrk1/Ctnnd2/Ywhaz/Adcy8/Adgrb1/Rpl8/Shank3/Scn8a/Mapk1/Dlg1/Kalrn/Nectin3/Rps18/Nr3c1/Grk2/Rtn3/Ina/Add3/Ablim1/Syp/Fmr1/Hnrnph2",107
"GO:0043209","myelin sheath","71/2058","208/28573",7.91070478985479e-30,1.42788221456879e-27,7.8482518573033e-28,"Cox5b/Atp5f1c/Tubb4b/Sptan1/Dnm1/Stxbp1/Hspa5/Ndufs3/Ckmt1/Pdia3/Mal/Snap25/Car2/Gnb4/Cct3/Phgdh/Atp1a1/Mpdz/Eno1/Prxl2b/Gnb1/Ywhag/Gnb2/Gjc3/Actb/Cycs/Immt/Syn2/Eno2/Gapdh/Ldhb/Calm3/Atp1a3/Mag/Uqcrc2/Aldoa/Uba52/Hspa8/Pkm/Eef1a1/Mobp/Cct2/Ppia/Mdh1/Rps27a/Septin8/Llgl1/Ubb/Pitpna/Cltc/Nsf/Actg1/Hsp90aa1/Nefl/Cntn1/Tuba1b/Tuba1a/Dlg1/Atp6v1a/Tagln3/Sod1/Sod2/Mog/Calm2/Stip1/Pgam1/Ina/Gdi1/Plp1/Pdha1/Gpm6b",71
"GO:0022626","cytosolic ribosome","58/2058","142/28573",2.18230417154699e-29,3.15124722371385e-27,1.73206036352256e-27,"Rpl7/Rpl31/Rpl37a/Rpl7a/Rps6-ps4/Rps21/Rps3a1/Rps27/Rpl34/Rps20/Uba52rt/Rps8/Rpl11/Rpl22/Rpl9/Rpl37rt/Rplp0/Rpl21/Rpl32/Rpl28/Rps5/Rps19/Rps11/Rps17/Rps3/Rpl27a/Rps13/Rps15a/Rplp2/Uba52/Rps25/Uba52-ps/Eef1a1/Rpl29/Rps12/Rpl6l/Rps27a/Ubb/Rpl23a/Rpl38/Rps7/Rps29/Rps23/Rps24/Rpl36a-ps1/Rpl37/Rpl8/Snu13/Apod/Rps2/Rps28/Rps18/Rpl36/Rpl27rt/Rpl17/Rpl10/Rpl17-ps8/Rpl36a",58
"GO:0014069","postsynaptic density","98/2058","384/28573",4.77699210059855e-29,5.74831382772026e-27,3.15951933671167e-27,"Rpl7/Rims1/Adgrb3/Map2/Abi1/Pkp4/Rapgef4/Lrp4/Dgkz/Pak6/Plcb4/Flrt3/Chmp4b/Fabp5/Tnik/Gria2/Syt11/Rps27/Atp1a1/Ank2/Map3k7/Grin3a/Mpdz/Dlgap3/Clstn1/Grk3/Cabp1/Rplp0/Nos1/Hip1r/Ptprz1/Dgki/Hnrnpa2b1/Ctnna2/Iqsec1/Itpr1/Syn2/Iqsec3/Clstn3/Gapdh/Ptpro/Prkcg/Shisa7/Rps19/Shank1/Grin2d/Abhd17c/Dlg2/Rps3/Rps13/Shank2/Dlgap2/Homer3/Vps35/Egln1/Mtmr2/Arhgap32/Hspa8/Grik4/Rps25/Cadm1/Myo6/Palm/Camk2b/Adcy1/Sptbn1/Cpeb4/Gria1/Snap47/Arhgap44/Fxr2/Rgs9/Rpl38/Rtn1/Akap5/Ntrk2/Gapdhrt/Slitrk1/Ctnnd2/Adcy8/Adgrb1/Rpl8/Shank3/Scn8a/Mapk1/Dlg1/Kalrn/Nectin3/Rps18/Nr3c1/Grk2/Rtn3/Ina/Add3/Ablim1/Syp/Fmr1/Hnrnph2",98
"GO:0044391","ribosomal subunit","65/2058","215/28573",4.62826622678683e-24,4.77372602248584e-22,2.62384416165208e-22,"Rpl7/Rpl31/Rpl37a/Rpl7a/Rps6-ps4/Mrps5/Rps21/Rps3a1/Rps27/Rpl34/Rps20/Uba52rt/Rps8/Rpl11/Rpl22/Rpl9/Rpl37rt/Rplp0/Rpl21/Mrps33/Mrpl35/Rpl32/Rpl28/Rps5/Rps19/Rps11/Rps17/Rps3/Mrpl48/Rpl27a/Rps13/Rps15a/Rplp2/Mrps31/Uba52/Rps25/Uba52-ps/Rpl29/Rps12/Rpl6l/Rps27a/Rack1/Ubb/Rpl23a/Mrpl27/Rpl38/Rps7/Rps29/Rps23/Rps24/Rpl36a-ps1/Rpl37/Mrpl13/Rpl8/Snu13/Rps2/Rps28/Rps18/Mrps18a/Rpl36/Rpl27rt/Rpl17/Rpl10/Rpl17-ps8/Rpl36a",65
"GO:0005840","ribosome","71/2058","267/28573",1.63726223514709e-22,1.47762916722025e-20,8.12168240329544e-21,"Rpl7/Rpl31/Rpl37a/Rpl7a/Rps6-ps4/Mrps5/Rps21/Rpl22l1/Rps3a1/Rps27/Rpl34/Rps20/Uba52rt/Elavl4/Rps8/Rpl11/Rpl22/Rpl9/Rpl37rt/Rplp0/Rpl21/Mrps33/Mrpl35/Rpl32/Rpl28/Rps5/Rps19/Rps11/Rps17/Rps3/Mrpl48/Rpl27a/Rps13/Rps15a/Rplp2/Mrps31/Uba52/Rps25/Uba52-ps/Eef1a1/Rpl29/Rps12/Rpl6l/Rps27a/Rack1/Ubb/Nufip2/Rpl23a/Mrpl27/Rpl38/Rps7/Rps29/Rps23/Rps24/Rpl36a-ps1/Rpl37/Eif3h/Mrpl13/Rpl8/Snu13/Apod/Rps2/Rps28/Rps18/Mrps18a/Rpl36/Rpl27rt/Rpl17/Rpl10/Rpl17-ps8/Rpl36a",71
"GO:0150034","distal axon","88/2058","397/28573",1.11530624371561e-21,8.94723453291856e-20,4.91778308632497e-20,"Trak2/Map2/Kcnk2/Rapgef4/Snap25/Flrt3/Fkbp1a/Prex1/Ctsz/Gria2/Syt11/Kcna2/Kcnc4/Wdr47/Fkbp15/Elavl4/Pink1/Eno1/Sri/Cplx1/Nos1/Orai2/Ap1s1/Actb/Lmtk2/Ptprz1/Dgki/Aak1/Eno2/Fkbp4/Prkcg/Calm3/Atp1a3/Apbb1/Taok2/Brsk2/Shank2/Cttn/Gpm6a/Rab3a/Amfr/Tubb3/Hspa8/Grik4/Unc13c/Tmod2/Trak1/Cck/Marcks/Mical1/Dctn2/Lrp1/Ppp2ca/Myh10/Fxr2/Ywhae/Hdac5/Exoc7/Actg1/Hsp90aa1/Klc1/Nrsn1/Ntrk2/Snx18/Hcn1/Nefl/Pcdh9/Slc4a8/Map3k12/Tnk2/Boc/App/Itsn1/Synj2/Hsp90ab1/Calm2/Nrxn1/Kif5b/Bin1/Eno1b/Zfyve27/Shtn1/Syp/Septin6/Slc9a6/Fgf13/Fmr1/Arhgap4",88
"GO:0030426","growth cone","57/2058","213/28573",1.73439683149351e-18,1.25223451233832e-16,6.88281689971636e-17,"Trak2/Map2/Rapgef4/Snap25/Flrt3/Prex1/Ctsz/Gria2/Wdr47/Fkbp15/Elavl4/Pink1/Eno1/Orai2/Lmtk2/Ptprz1/Eno2/Fkbp4/Calm3/Apbb1/Taok2/Shank2/Cttn/Gpm6a/Amfr/Tubb3/Tmod2/Trak1/Marcks/Dctn2/Lrp1/Myh10/Fxr2/Ywhae/Hdac5/Exoc7/Hsp90aa1/Klc1/Nrsn1/Ntrk2/Snx18/Nefl/Pcdh9/Map3k12/Tnk2/Boc/App/Hsp90ab1/Calm2/Nrxn1/Kif5b/Eno1b/Zfyve27/Shtn1/Fgf13/Fmr1/Arhgap4",57
"GO:0030427","site of polarized growth","58/2058","221/28573",2.37554218816695e-18,1.55921950896049e-16,8.57013784630565e-17,"Trak2/Map2/Rapgef4/Snap25/Flrt3/Prex1/Ctsz/Gria2/Wdr47/Fkbp15/Elavl4/Pink1/Eno1/Orai2/Lmtk2/Ptprz1/Eno2/Fkbp4/Calm3/Apbb1/Taok2/Shank2/Cttn/Gpm6a/Amfr/Cotl1/Tubb3/Tmod2/Trak1/Marcks/Dctn2/Lrp1/Myh10/Fxr2/Ywhae/Hdac5/Exoc7/Hsp90aa1/Klc1/Nrsn1/Ntrk2/Snx18/Nefl/Pcdh9/Map3k12/Tnk2/Boc/App/Hsp90ab1/Calm2/Nrxn1/Kif5b/Eno1b/Zfyve27/Shtn1/Fgf13/Fmr1/Arhgap4",58
"GO:0022625","cytosolic large ribosomal subunit","33/2058","79/28573",1.09962731897425e-17,6.61609103582843e-16,3.63648683555521e-16,"Rpl7/Rpl31/Rpl37a/Rpl7a/Rpl34/Uba52rt/Rpl11/Rpl22/Rpl9/Rpl37rt/Rplp0/Rpl21/Rpl32/Rpl28/Rpl27a/Rplp2/Uba52/Uba52-ps/Rpl29/Rps12/Rpl6l/Rpl23a/Rpl38/Rpl36a-ps1/Rpl37/Rpl8/Snu13/Rpl36/Rpl27rt/Rpl17/Rpl10/Rpl17-ps8/Rpl36a",33
"GO:0022627","cytosolic small ribosomal subunit","25/2058","45/28573",1.83507365085769e-17,1.01917167378404e-15,5.60180377630242e-16,"Rps6-ps4/Rps21/Rps3a1/Rps27/Rps20/Rps8/Rps5/Rps19/Rps11/Rps17/Rps3/Rps13/Rps15a/Uba52/Rps25/Rps12/Rps27a/Ubb/Rps7/Rps29/Rps23/Rps24/Rps2/Rps28/Rps18",25
"GO:0044309","neuron spine","54/2058","214/28573",2.23357205678046e-16,1.15188501785392e-14,6.33125312335515e-15,"Fcgr2b/Rapgef4/Kcna4/Gria2/Syt11/Lpar1/Dlgap3/Hpca/Fbxo2/Clstn1/Sri/Psmc2/Grk3/Ppp1cc/Hip1r/Kcnd2/Ptprz1/Dgki/Ptpro/Shisa7/Atp1a3/Shank1/Arrb1/Apbb1/Shank2/Ppfia1/Dlgap2/Mtmr2/Hspa8/Nedd4/Marcks/Palm/Apba3/Eea1/Atp2b1/Gria1/Arhgap44/Myh10/Fxr2/Sez6/Asic2/Akap5/Ntrk2/Asap1/Ptk2/Shank3/Comt/Itsn1/Nr3c1/Grk2/Apba1/Syp/Slc9a6/Fmr1",54
"GO:0043197","dendritic spine","51/2058","208/28573",5.31623121053137e-15,2.55887928933576e-13,1.40646959043532e-13,"Fcgr2b/Rapgef4/Kcna4/Gria2/Syt11/Lpar1/Dlgap3/Hpca/Fbxo2/Clstn1/Sri/Psmc2/Grk3/Ppp1cc/Hip1r/Kcnd2/Ptprz1/Dgki/Ptpro/Shisa7/Atp1a3/Shank1/Arrb1/Apbb1/Shank2/Ppfia1/Dlgap2/Mtmr2/Hspa8/Nedd4/Marcks/Palm/Apba3/Atp2b1/Gria1/Arhgap44/Myh10/Fxr2/Sez6/Asic2/Akap5/Ntrk2/Asap1/Ptk2/Shank3/Comt/Itsn1/Nr3c1/Grk2/Apba1/Fmr1",51
"GO:0042734","presynaptic membrane","55/2058","238/28573",7.05024629387464e-15,3.18142364011093e-13,1.74864661367812e-13,"Rims1/Cacna1e/Ntng2/Dnm1/Stxbp1/Kcnj3/Kcna4/Snap25/Snph/Gria2/Syt11/Chrnb2/Kcna2/Kcnc4/Lpar1/Ptprd/Rims3/Cacna2d1/Ctbp1/Dgki/Ctnna2/Slc6a11/Slc6a1/Epn1/Ap2s1/Atp1a3/Psenen/Grin2d/Apbb1/Gpm6a/Grik4/Cadm1/Unc13c/Stxbp5/Marcks/Atp2b1/Syt1/Gabrb2/Gria1/Flot2/Cltc/Rgs9/Cyth1/Hcn1/Adcy8/Cntn1/Slc4a8/Scn8a/Ap2m1/Dlg1/Itsn1/Nrxn1/Apba1/Syp/Gpc4",55
"GO:0015935","small ribosomal subunit","30/2058","83/28573",3.49190348497991e-14,1.4830319506797e-12,8.15137841385402e-13,"Rps6-ps4/Mrps5/Rps21/Rps3a1/Rps27/Rps20/Rps8/Mrps33/Rps5/Rps19/Rps11/Rps17/Rps3/Rps13/Rps15a/Mrps31/Uba52/Rps25/Rps12/Rps27a/Rack1/Ubb/Rps7/Rps29/Rps23/Rps24/Rps2/Rps28/Rps18/Mrps18a",30
"GO:0005844","polysome","29/2058","78/28573",3.9609177482841e-14,1.58876811903396e-12,8.73254965557373e-13,"Rpl7/Rpl31/Hdlbp/Rpl7a/Rps21/Larp7/Elavl4/Rpl11/Msi1/Rpl32/Rps3/Calr/Rpl29/Rpl6l/Myh10/Fxr2/Nufip2/Msi2/Rpl38/Rps29/Naa35/Rps23/Eif3h/Rpl8/Eif4g1/Rps28/Rpl36/Fmr1/Rpl36a",29
"GO:0015934","large ribosomal subunit","38/2058","137/28573",2.44386425792544e-13,9.28668418011666e-12,5.10435914259218e-12,"Rpl7/Rpl31/Rpl37a/Rpl7a/Rpl34/Uba52rt/Rpl11/Rpl22/Rpl9/Rpl37rt/Rplp0/Rpl21/Mrpl35/Rpl32/Rpl28/Mrpl48/Rpl27a/Rplp2/Uba52/Uba52-ps/Rpl29/Rps12/Rpl6l/Rpl23a/Mrpl27/Rpl38/Rpl36a-ps1/Rpl37/Mrpl13/Rpl8/Snu13/Mrps18a/Rpl36/Rpl27rt/Rpl17/Rpl10/Rpl17-ps8/Rpl36a",38
"GO:1990351","transporter complex","75/2058","421/28573",2.60029058942291e-13,9.38704902781671e-12,5.15952395901283e-12,"Atp6v1h/Cacna1e/Atp1a4/Kcnk2/Clic3/Kcnj3/Scn3a/Ndufs3/Kcna4/Snap25/Kcnq2/Ndufb5/Pex5l/Atp11b/Ndufc1/Gria2/Glrb/Chrnb2/Atp1a1/Kcna2/Kcnc4/Ndufb6/Grin3a/Dmac1/Uqcrh/Cacna2d1/Gabrg1/Pkd2/Lrrc8b/Atp2a2/Ttyh3/Ndufa4/Kcnd2/Ndufa5/Trpv6/Cacna2d4/Ergic2/Ndufa3/Calm3/Atp1a3/Grin2d/Uqcrc2/Cttn/Atp11a/Kcng4/Foxred1/Grik4/Atp1b3/Stxbp5/Micu1/Ndufa12/Pex13/Kcnip1/Gabrb2/Gria1/Cacnb1/Kcnf1/Ndufb1/Ryr2/Ndufs6/Hcn1/Cacna2d3/Atp6v1c1/Ndufb9/Kcnq3/Scn8a/Atp6v1a/Atp6v0c/Ndufb10/Calm2/Ndufa2/Ndufs8/Ndufb4b/Kcnip2/Ndufa1",75
"GO:0098800","inner mitochondrial membrane protein complex","40/2058","154/28573",6.05800510111931e-13,2.077206057082e-11,1.14172136393048e-11,"Cox5b/Atp5f1c/Ndufs3/Atp5f1e/Ndufb5/Ndufc1/Ndufb6/Dmac1/Uqcrh/Micos10/Atp5me/Atp5mf/Ndufa4/Ndufa5/Immt/Chchd6/Ndufa3/Uqcrc2/Timm29/Foxred1/Sdhd/Cox7a2/Pam16l/Micu1/Ndufa12/Cox6c2/Ndufb1/Atp5mj/Ndufs6/Cox7c/Timm23/Ndufb9/Ndufb10/Ndufa2/Ndufs8/Cox8a/Ndufb4b/Atp5mk/Timm17b/Ndufa1",40
"GO:0045211","postsynaptic membrane","66/2058","352/28573",6.32943673903102e-13,2.077206057082e-11,1.14172136393048e-11,"Adgrb3/Cacna1e/Kcna4/Flrt3/Nbea/Gria2/Glrb/Chrnb2/Kcna2/Kcnc4/Ank2/Grin3a/Lpar1/Fbxo2/Clstn1/Cacna2d1/Tmub1/Gabrg1/Kcnd2/Ptprz1/Dgki/Ctnna2/Lhfpl4/Slc6a11/Slc6a1/Iqsec3/Clstn3/Ptpro/Sspn/Shisa7/Epn1/Shank1/Cyth2/Grin2d/Abhd17c/Dlg2/Arrb1/Apbb1/Shank2/Hspa8/Grik4/Cadm1/Cspg5/Syne1/Marcks/Ank3/Erbb3/Adcy1/Gabrb2/Gria1/Nlgn2/Rgs9/Ntrk2/Hcn1/Slitrk1/Farp1/Adgrb1/Shank3/Cntn1/Faim2/Scn8a/Crkl/Comt/Dlg1/Nectin3/Fmr1",66
"GO:1902495","transmembrane transporter complex","71/2058","396/28573",8.17328620715396e-13,2.56570114850659e-11,1.41021917624579e-11,"Atp6v1h/Cacna1e/Atp1a4/Kcnk2/Clic3/Kcnj3/Scn3a/Ndufs3/Kcna4/Snap25/Kcnq2/Ndufb5/Pex5l/Ndufc1/Gria2/Glrb/Chrnb2/Atp1a1/Kcna2/Kcnc4/Ndufb6/Grin3a/Dmac1/Uqcrh/Cacna2d1/Gabrg1/Pkd2/Lrrc8b/Atp2a2/Ttyh3/Ndufa4/Kcnd2/Ndufa5/Trpv6/Cacna2d4/Ndufa3/Calm3/Atp1a3/Grin2d/Uqcrc2/Cttn/Kcng4/Foxred1/Grik4/Atp1b3/Stxbp5/Micu1/Ndufa12/Kcnip1/Gabrb2/Gria1/Cacnb1/Kcnf1/Ndufb1/Ryr2/Ndufs6/Hcn1/Cacna2d3/Atp6v1c1/Ndufb9/Kcnq3/Scn8a/Atp6v1a/Atp6v0c/Ndufb10/Calm2/Ndufa2/Ndufs8/Ndufb4b/Kcnip2/Ndufa1",71
"GO:0048786","presynaptic active zone","34/2058","121/28573",2.91994132066876e-12,8.7841568063452e-11,4.82814858724616e-11,"Rims1/Ntng2/Stxbp1/Snap25/Gria2/Gucy1b1/Syt11/Pnisr/Rims3/Cacna2d1/Ctbp1/Dgki/Ctnna2/Grin2d/Shank2/Ppfia1/Gpm6a/Rab3a/Vps11/Unc13c/Atp2b1/Gabrb2/Gria1/Snap47/Arhgap44/Flot2/Ntrk2/Hcn1/Adcy8/Scn8a/App/Nrxn1/Apba1/Syp",34
"GO:0019898","extrinsic component of membrane","49/2058","227/28573",3.0759519994622e-12,8.88334937444682e-11,4.88266906861999e-11,"Atp6v1h/Rims1/Stxbp1/Traf6/Snap25/Cdh4/Gnb4/Nbea/Rab13/Ank2/Gng5/Fbxo2/Gnb1/Gnai1/Ctbp1/Cabp1/Atp2a2/Gnb2/Gng11/Dgki/Ctnna2/Syn2/Atp6v1e1/Ap2s1/Cyth2/Mcf2l/Pik3cb/Stxbp5/Apc2/Arhgef25/Doc2b/Cltc/Stac2/Becn1/Wipi1/Cyth1/Wdr45b/Ryr2/Pik3r1/Farp1/Cdh6/Atp6v1c1/Crkl/Ap2m1/Kalrn/Atp6v1a/Atp6v1g2/Bin1/Gnaq",49
"GO:0008021","synaptic vesicle","53/2058","259/28573",3.67550561522768e-12,1.02065963622861e-10,5.60998225482119e-11,"Atp6v1h/Dbi/Gad2/Dnm1/Rab14/Snap25/Stx16/Gria2/Syt11/Rab13/Kcnc4/Slc6a17/Btbd8/Svop/Dgki/Syn2/Atp6v1e1/Syt5/Calm3/Dlg2/Lamp1/Rab3a/Mtmr2/Rab3d/Hspa8/Cadm1/Unc13c/Myo5a/Stxbp5/Stx7/Atp2b1/Syt1/Gria1/Snap47/Vamp2/Doc2b/Cltc/Rab10/Atp6v1c1/Kcnk9/Slc4a8/Dlg1/Atp6v1a/App/Atp6v0c/Syngr3/Rab11b/Atp6v1g2/Calm2/Bin1/Syp/Septin6/Atp6ap1",53
"GO:0070382","exocytic vesicle","55/2058","281/28573",9.20887821738504e-12,2.46252224924148e-10,1.3535076366293e-10,"Atp6v1h/Dbi/Gad2/Dnm1/Rab14/Syt13/Snap25/Stx16/Gria2/Syt11/Rab13/Kcnc4/Slc6a17/Btbd8/Svop/Dgki/Syn2/Atp6v1e1/Syt5/Calm3/Dlg2/Lamp1/Rab3a/Mtmr2/Rab3d/Hspa8/Cadm1/Unc13c/Myo5a/Stxbp5/Stx7/Akap7/Atp2b1/Syt1/Gria1/Snap47/Vamp2/Doc2b/Cltc/Rab10/Atp6v1c1/Kcnk9/Slc4a8/Dlg1/Atp6v1a/App/Atp6v0c/Syngr3/Rab11b/Atp6v1g2/Calm2/Bin1/Syp/Septin6/Atp6ap1",55
"GO:0030672","synaptic vesicle membrane","37/2058","147/28573",1.21620721946329e-11,3.02793659466379e-10,1.66428356347609e-10,"Atp6v1h/Gad2/Rab14/Stx16/Gria2/Syt11/Slc6a17/Svop/Syn2/Atp6v1e1/Syt5/Calm3/Dlg2/Lamp1/Rab3a/Unc13c/Stx7/Atp2b1/Syt1/Gria1/Snap47/Vamp2/Doc2b/Cltc/Rab10/Atp6v1c1/Slc4a8/Dlg1/Atp6v1a/Atp6v0c/Syngr3/Rab11b/Atp6v1g2/Calm2/Bin1/Syp/Atp6ap1",37
"GO:0099501","exocytic vesicle membrane","37/2058","147/28573",1.21620721946329e-11,3.02793659466379e-10,1.66428356347609e-10,"Atp6v1h/Gad2/Rab14/Stx16/Gria2/Syt11/Slc6a17/Svop/Syn2/Atp6v1e1/Syt5/Calm3/Dlg2/Lamp1/Rab3a/Unc13c/Stx7/Atp2b1/Syt1/Gria1/Snap47/Vamp2/Doc2b/Cltc/Rab10/Atp6v1c1/Slc4a8/Dlg1/Atp6v1a/Atp6v0c/Syngr3/Rab11b/Atp6v1g2/Calm2/Bin1/Syp/Atp6ap1",37
"GO:0030133","transport vesicle","63/2058","366/28573",9.28644956318066e-11,2.23493886153881e-09,1.22841806502425e-09,"Atp6v1h/Dbi/Klhl12/Gad2/Dnm1/Rab14/Syt13/Snap25/Stx16/Gria2/Syt11/Rab13/Kcnc4/Slc6a17/Atp13a2/Fgfr3/Btbd8/Svop/Ap1s1/Dgki/Syn2/Atp6v1e1/Sspn/Syt5/Calm3/Dlg2/Lamp1/Rab3a/Mtmr2/Rab3d/Hspa8/Cadm1/Unc13c/Myo5a/Stxbp5/Stx7/Akap7/Atp2b1/Syt1/Gria1/Snap47/Vamp2/Doc2b/Cltc/Rab10/Nrsn1/Bloc1s5/Atp6v1c1/Kcnk9/Slc4a8/Dlg1/Atp6v1a/App/Atp6v0c/Syngr3/Rab11b/Atp6v1g2/Yipf3/Calm2/Bin1/Syp/Septin6/Atp6ap1",63
"GO:0031594","neuromuscular junction","30/2058","109/28573",9.64824220283486e-11,2.24710673240218e-09,1.23510604769737e-09,"Hdac4/Lrp4/Lama5/Kcnc4/Dock7/Dlgap3/Ptn/Dlg2/Apbb1/Unc13c/Stxbp5/Utrn/Ank3/Gria1/Myh10/Crk/Prkar1a/Cyth1/Spock1/Erbin/Nefl/Tuba1a/Crkl/Dlg1/Stxbp5l/App/Syngr3/Nrxn1/Syp/Col4a5",30
"GO:0042788","polysomal ribosome","17/2058","37/28573",1.40057490419444e-10,3.16004712758871e-09,1.73689716737271e-09,"Rpl31/Rpl7a/Rps21/Elavl4/Rpl11/Rpl32/Rpl29/Rpl6l/Nufip2/Rpl38/Rps29/Rps23/Eif3h/Rpl8/Rps28/Rpl36/Rpl36a",17
"GO:0031252","cell leading edge","68/2058","415/28573",1.57454190405793e-10,3.44490683251462e-09,1.89346825464063e-09,"Map2/Cdc42bpa/Enah/Abi1/Nckap1/Itgav/Dgkz/Snap25/Gria2/Rab13/Kcna2/Kcnc4/Wls/Hpca/Gabrg1/Pkd2/Hip1r/Actb/Ptprz1/Wasl/Ctnna2/Dctn1/Aak1/Gabarapl1/Shisa7/Vasp/Cadm4/Cyth2/Rps3/Inppl1/Apbb1/Cttn/Stxbp2/Mcf2l/Adgre5/Ripor1/Tubb3/Myo5a/Eef1a1/Myo6/S100b/Palm/Apc2/Atp2b1/Actr2/Sptbn1/Gria1/Arhgap44/Myh10/Inpp5k/Flot2/Tubg1/P4hb/Akap5/Hcn1/Carmil3/Myo10/Ywhaz/Ptk2/Twf1/Itgb5/App/Itsn1/Synj2/Slc39a6/Slk/Ablim1/Shtn1",68
"GO:0098798","mitochondrial protein-containing complex","55/2058","303/28573",1.87302800686012e-10,3.97743006162649e-09,2.18616581605655e-09,"Cox5b/Atp5f1c/Ndufs3/Pdhx/Mrps5/Atp5f1e/Mfn1/Ndufb5/Mccc1/Ndufc1/Ndufb6/Dmac1/Uqcrh/Micos10/Pmpcb/Atp5me/Atp5mf/Ndufa4/Ndufa5/Mrps33/Mrpl35/Immt/Chchd6/Suclg2/Ndufa3/Mrpl48/Uqcrc2/Mrps31/Timm29/Foxred1/Sdhd/Cox7a2/Pam16l/Micu1/Ndufa12/Mrpl27/Cox6c2/Ndufb1/Atp5mj/Ndufs6/Cox7c/Timm23/Mrpl13/Ndufb9/Samm50/Ndufb10/Mrps18a/Ndufa2/Ndufs8/Cox8a/Ndufb4b/Atp5mk/Timm17b/Ndufa1/Pdha1",55
"GO:0099243","extrinsic component of synaptic membrane","15/2058","31/28573",6.88981230491836e-10,1.40892049737404e-08,7.74403014302394e-09,"Rims1/Stxbp1/Snap25/Nbea/Fbxo2/Ctbp1/Dgki/Ctnna2/Ap2s1/Cyth2/Stxbp5/Cyth1/Farp1/Crkl/Ap2m1",15
"GO:1902493","acetyltransferase complex","28/2058","104/28573",7.02508835255753e-10,1.40892049737404e-08,7.74403014302394e-09,"Atf2/Pdhx/Phf20/Taf4/Mrgbp/Naa15/Vps72/Map3k7/Dmap1/Supt7l/Ep400/Naa25/Actb/Ing4/Kat8/Kat6a/Sf3b3/Morf4l1/Yeats4/Tada2a/Actg1/Naa35/Eny2/Kansl2/Mcrs1/Taf7/Jade3/Taf9b",28
"GO:0031248","protein acetyltransferase complex","27/2058","99/28573",1.02962187761222e-09,2.00915404225951e-08,1.10431706361253e-08,"Atf2/Phf20/Taf4/Mrgbp/Naa15/Vps72/Map3k7/Dmap1/Supt7l/Ep400/Naa25/Actb/Ing4/Kat8/Kat6a/Sf3b3/Morf4l1/Yeats4/Tada2a/Actg1/Naa35/Eny2/Kansl2/Mcrs1/Taf7/Jade3/Taf9b",27
"GO:0016323","basolateral plasma membrane","49/2058","267/28573",1.23155389759264e-09,2.33995240542602e-08,1.28613800385714e-08,"Slc41a1/Kcnj10/Stk39/Rapgef4/Slc23a2/Car2/Atp1a1/Stxbp3/Ank2/Epb41/Slc4a4/Ctnna2/Slco1c1/Ap2a1/Dlg2/Arrb1/Cd81/Cadm1/Atp1b3/Slc38a3/Ank3/Palm/Atp2b1/Lrp1/Erbb3/Llgl1/Slc43a2/Flot2/Abcc3/Kcnj16/Akap5/Hsp90aa1/Erbin/Hcn1/Slc4a7/Slc7a8/Adcy8/Ptk2/Mlc1/Slc4a8/Dlg1/Hspa1b/Hspa1a/Hsp90ab1/Aqp4/Slc12a2/Grk2/Cnnm2/Pdzd11",49
"GO:0005746","mitochondrial respirasome","26/2058","95/28573",1.92386017141583e-09,3.56160780451853e-08,1.95761210424769e-08,"Cox5b/Ndufs3/Ndufb5/Ndufc1/Ndufb6/Dmac1/Uqcrh/Ndufa4/Ndufa5/Ndufa3/Uqcrc2/Foxred1/Sdhd/Cox7a2/Ndufa12/Cox6c2/Ndufb1/Ndufs6/Cox7c/Ndufb9/Ndufb10/Ndufa2/Ndufs8/Cox8a/Ndufb4b/Ndufa1",26
"GO:0098685","Schaffer collateral - CA1 synapse","33/2058","144/28573",2.09428449684717e-09,3.78018351680914e-08,2.07775067187206e-08,"Ntng2/Dgkz/Pfn2/Gria2/Syt11/Ptprd/Cplx1/Actb/Ptn/Dgki/Iqsec1/Itpr1/Syn2/Epn1/Shank1/Apbb1/Ppfia1/Cadm1/Myo5a/Myo6/Stxbp5/Eea1/Adcy1/Actg1/Mapk8/Nefl/Adcy8/Nrxn1/Apba1/Ina/Syp/Slc9a6/Fmr1",33
"GO:0030658","transport vesicle membrane","39/2058","190/28573",2.27398256913577e-09,4.0044278412586e-08,2.2010049513843e-08,"Atp6v1h/Klhl12/Gad2/Rab14/Stx16/Gria2/Syt11/Slc6a17/Svop/Ap1s1/Syn2/Atp6v1e1/Syt5/Calm3/Dlg2/Lamp1/Rab3a/Unc13c/Stx7/Atp2b1/Syt1/Gria1/Snap47/Vamp2/Doc2b/Cltc/Rab10/Atp6v1c1/Slc4a8/Dlg1/Atp6v1a/Atp6v0c/Syngr3/Rab11b/Atp6v1g2/Calm2/Bin1/Syp/Atp6ap1",39
"GO:0098803","respiratory chain complex","26/2058","96/28573",2.45868232529573e-09,4.22659199729408e-08,2.32311588129446e-08,"Cox5b/Ndufs3/Ndufb5/Ndufc1/Ndufb6/Dmac1/Uqcrh/Ndufa4/Ndufa5/Ndufa3/Uqcrc2/Foxred1/Sdhd/Cox7a2/Ndufa12/Cox6c2/Ndufb1/Ndufs6/Cox7c/Ndufb9/Ndufb10/Ndufa2/Ndufs8/Cox8a/Ndufb4b/Ndufa1",26
"GO:0055037","recycling endosome","35/2058","161/28573",3.06858935990325e-09,5.15237562290731e-08,2.83196619016775e-08,"Fcgr2b/Rab14/Tubgcp4/Vps16/Tnik/Atp11b/Syt11/Rab13/Tbc1d14/Lmtk2/Vps50/Rab11fip5/Atp11a/Myo5a/Trf/Cmtm6/Stx7/Eea1/Gria1/Tubg1/Gga3/Rab10/Eipr1/Akap5/Snx18/Mlc1/Tuba1a/Atp13a4/Atp13a3/App/Abcg1/Rab11b/Zfyve27/Rap2c/Slc9a6",35
"GO:0009925","basal plasma membrane","52/2058","301/28573",3.47675676820772e-09,5.70504178783177e-08,3.13573517132611e-08,"Slc41a1/Kcnj10/Stk39/Rapgef4/Slc23a2/Car2/Atp1a1/Stxbp3/Ank2/Epb41/Slc4a4/Pkd2/Ctnna2/Slco1c1/Ap2a1/Dlg2/Arrb1/Slco2b1/Cd81/Cadm1/Atp1b3/Trf/Slc38a3/Ank3/Palm/Atp2b1/Lrp1/Erbb3/Llgl1/Slc43a2/Flot2/Abcc3/Kcnj16/Akap5/Hsp90aa1/Erbin/Hcn1/Slc4a7/Slc7a8/Adcy8/Ptk2/Mlc1/Slc4a8/Dlg1/Hspa1b/Hspa1a/Hsp90ab1/Aqp4/Slc12a2/Grk2/Cnnm2/Pdzd11",52
"GO:0019897","extrinsic component of plasma membrane","33/2058","147/28573",3.65118485684067e-09,5.85812325919769e-08,3.21987530065247e-08,"Rims1/Stxbp1/Traf6/Snap25/Cdh4/Gnb4/Nbea/Rab13/Ank2/Gng5/Fbxo2/Gnb1/Gnai1/Ctbp1/Cabp1/Atp2a2/Gnb2/Gng11/Dgki/Ctnna2/Ap2s1/Cyth2/Mcf2l/Stxbp5/Apc2/Stac2/Cyth1/Ryr2/Farp1/Cdh6/Crkl/Ap2m1/Gnaq",33
"GO:0060076","excitatory synapse","26/2058","99/28573",5.0177680322617e-09,7.87571417237598e-08,4.32882962966284e-08,"Adgrb3/Stxbp1/Kcnj3/Rapgef4/Plcb4/Syt11/Elavl2/Ywhah/Plxna4/Dgki/Ctnna2/Shisa7/Shank1/Gpm6a/Ntm/Unc13c/Syt1/Gria1/Nlgn2/Akap5/Ntrk2/Adcy8/Shank3/Scn8a/Nrxn1/Syp",26
"GO:0005938","cell cortex","52/2058","306/28573",6.2159343895954e-09,9.548733253804e-08,5.24839253052064e-08,"Rims1/Capn10/Fmn2/Tmem250-ps/Gpsm1/Sptan1/Stxbp1/Stk39/Snap25/Itch/Ctsz/Gucy1b1/Asph/Rims3/Epb41/Eno1/Gnai1/Ctbp1/Exoc1/Pkd2/Clip1/Hip1r/Actb/Wasl/Ctnna2/Dctn1/Eno2/Cttn/Cotl1/Arhgap32/Phldb1/Nedd4/Unc13c/Eef1a1/Ccn2/Epb41l2/Marcks/Actr2/Sptbn1/Septin8/Llgl1/Myh10/Flot2/Grb2/Exoc7/Crip2/Pvalb/Eno1b/Add3/Septin6/Emd/Shroom2",52
"GO:0045178","basal part of cell","54/2058","325/28573",7.20045048078461e-09,1.08306775981802e-07,5.95300401591184e-08,"Slc41a1/Kcnj10/Stk39/Rapgef4/Slc23a2/Car2/Atp1a1/Stxbp3/Ank2/Epb41/Slc4a4/Pkd2/Ctnna2/Slco1c1/Ap2a1/Dlg2/Arrb1/Slco2b1/Cd81/Homer3/Phldb1/Cadm1/Atp1b3/Trf/Slc38a3/Ank3/Palm/Atp2b1/Lrp1/Erbb3/Llgl1/Slc43a2/Flot2/Abcc3/Kcnj16/Akap5/Hsp90aa1/Erbin/Hcn1/Slc4a7/Slc7a8/Adcy8/Ptk2/Mlc1/Slc4a8/Dlg1/Hspa1b/Hspa1a/Hsp90ab1/Aqp4/Slc12a2/Grk2/Cnnm2/Pdzd11",54
"GO:0098888","extrinsic component of presynaptic membrane","10/2058","15/28573",7.89632733658558e-09,1.16349966061526e-07,6.39509217162785e-08,"Rims1/Stxbp1/Snap25/Ctbp1/Dgki/Ctnna2/Ap2s1/Stxbp5/Cyth1/Ap2m1",10
"GO:0000123","histone acetyltransferase complex","24/2058","88/28573",8.60618567129309e-09,1.24273321093472e-07,6.83059368016315e-08,"Atf2/Phf20/Taf4/Mrgbp/Vps72/Map3k7/Dmap1/Supt7l/Ep400/Actb/Ing4/Kat8/Kat6a/Sf3b3/Morf4l1/Yeats4/Tada2a/Actg1/Eny2/Kansl2/Mcrs1/Taf7/Jade3/Taf9b",24
"GO:0070469","respirasome","26/2058","103/28573",1.23644697742986e-08,1.75042101510659e-07,9.62106316803008e-08,"Cox5b/Ndufs3/Ndufb5/Ndufc1/Ndufb6/Dmac1/Uqcrh/Ndufa4/Ndufa5/Ndufa3/Uqcrc2/Foxred1/Sdhd/Cox7a2/Ndufa12/Cox6c2/Ndufb1/Ndufs6/Cox7c/Ndufb9/Ndufb10/Ndufa2/Ndufs8/Cox8a/Ndufb4b/Ndufa1",26
"GO:0030684","preribosome","27/2058","112/28573",1.8910432328353e-08,2.62564079635978e-07,1.44316457242694e-07,"Rps6-ps4/Rps3a1/Rps27/Rps8/Noc2l/Bms1/Emg1/Rps5/Rps19/Rps11/Rps17/Rps13/Rps15a/Mak16/Rps12/Rrp1/Rps27a/Rps7/Rps23/Rps24/Zfp622/Snu13/Rrp1b/Rps28/Riok3/Pdcd11/Las1l",27
"GO:1990204","oxidoreductase complex","29/2058","127/28573",2.11352963741855e-08,2.87918565701169e-07,1.58252368084765e-07,"Ndufs3/Pdhx/Cat/Ndufb5/Ndufc1/Ndufb6/Dmac1/Uqcrh/Ndufa4/Ndufa5/Ldhb/Ndufa3/Ldha/Uqcrc2/Cbr4/Foxred1/Sdhd/Gpd1l/Ndufa12/P4hb/Ndufb1/Ndufs6/Ndufb9/Ndufb10/Ndufa2/Ndufs8/Ndufb4b/Ndufa1/Pdha1",29
"GO:0005874","microtubule","68/2058","467/28573",2.31351402514121e-08,3.09325393731843e-07,1.70018477091274e-07,"Map2/Cul3/Kif21b/Tubb4b/Golga2/Dnm1/Rmdn3/Tubgcp4/Snph/Chmp4b/Cct3/Pbxip1/Wdr47/Chmp5/Dynll1/Clip1/Hsph1/Dctn1/Fkbp4/Gabarapl1/Calm3/Eml2/Haus8/Cfap20/Dync1li2/Map1lc3b/Tubb3/Rab3d/Hspa8/Marcks/Apc2/Nav3/Cct2/Dctn2/Kif3a/Kif1c/Spag5/Sarm1/Cltc/Tubg1/Eml1/Klc1/Cep170b/Tubb2a/Tbca/Kifc2/Tuba1b/Tuba1a/Tuba1c/Opa1/Dlg1/Cct8/Synj2/Tekt4/Calm2/Kif5b/Gramd2b/Haus1/Klc2/Shtn1/Dynlt3/Mid1ip1/Wdr44/Fgf13/Haus7/Arhgap4/Emd/Shroom2",68
"GO:0005747","mitochondrial respiratory chain complex I","18/2058","55/28573",2.76148763572734e-08,3.49788433858796e-07,1.92258695968459e-07,"Ndufs3/Ndufb5/Ndufc1/Ndufb6/Dmac1/Ndufa4/Ndufa5/Ndufa3/Foxred1/Ndufa12/Ndufb1/Ndufs6/Ndufb9/Ndufb10/Ndufa2/Ndufs8/Ndufb4b/Ndufa1",18
"GO:0030964","NADH dehydrogenase complex","18/2058","55/28573",2.76148763572734e-08,3.49788433858796e-07,1.92258695968459e-07,"Ndufs3/Ndufb5/Ndufc1/Ndufb6/Dmac1/Ndufa4/Ndufa5/Ndufa3/Foxred1/Ndufa12/Ndufb1/Ndufs6/Ndufb9/Ndufb10/Ndufa2/Ndufs8/Ndufb4b/Ndufa1",18
"GO:0045271","respiratory chain complex I","18/2058","55/28573",2.76148763572734e-08,3.49788433858796e-07,1.92258695968459e-07,"Ndufs3/Ndufb5/Ndufc1/Ndufb6/Dmac1/Ndufa4/Ndufa5/Ndufa3/Foxred1/Ndufa12/Ndufb1/Ndufs6/Ndufb9/Ndufb10/Ndufa2/Ndufs8/Ndufb4b/Ndufa1",18
"GO:0043194","axon initial segment","13/2058","29/28573",3.0682797063299e-08,3.81947922063825e-07,2.09934927275204e-07,"Map2/Kcna4/Kcnq2/Bcan/Trim46/Kcna2/Dlg2/Cck/Ank3/Kcnq3/Scn8a/Bin1/Lgi1",13
"GO:0098858","actin-based cell projection","42/2058","234/28573",3.54094723378868e-08,4.33315915728038e-07,2.38168975403806e-07,"Map2/Kcnj10/Fmn2/Enah/Abi1/Itgav/Snap25/Car2/Vcam1/Ube2k/Scarb1/Ptprz1/Atp6v1e1/Ptprh/Vasp/Ap2a1/Myo7a/Apbb1/Gpm6a/Tubb3/Nedd4/Myo5a/Myo6/Utrn/Palm/Fxr2/Nherf1/Dock4/Akap5/Slc4a7/Slc7a8/Myo10/Pvalb/Twf1/Adcy6/Dlg1/Atp6v1a/App/Nherf2/Shtn1/Fgf13/Fmr1",42
"GO:0045121","membrane raft","49/2058","301/28573",6.79449324176936e-08,8.17604020092913e-07,4.49390167043342e-07,"Pikfyve/Irs1/Capn2/Lrp4/Mal/Chrnb2/Atp1a1/Lrp8/Eno1/Nos3/Nos1/Scarb1/Actb/Kcnd2/Adcyap1r1/Eno2/Ldhb/Lipe/Igf1r/Serpinh1/Gprc5b/Atp1b3/Smpd2/Gja1/Ppp2ca/Flot2/Prkar1a/Akap5/Adcy8/Mlc1/Tuba1b/Tuba1a/Tuba1c/Faim2/Mapk1/Dlg1/App/Hspa1b/Hspa1a/H2-D1/Trem2/Slc39a6/Eno1b/Grk2/Gnaq/Sorbs1/Lamp2/Pgk1/Gpm6b",49
"GO:0098857","membrane microdomain","49/2058","302/28573",7.55229011376562e-08,8.93894010186685e-07,4.91322411197522e-07,"Pikfyve/Irs1/Capn2/Lrp4/Mal/Chrnb2/Atp1a1/Lrp8/Eno1/Nos3/Nos1/Scarb1/Actb/Kcnd2/Adcyap1r1/Eno2/Ldhb/Lipe/Igf1r/Serpinh1/Gprc5b/Atp1b3/Smpd2/Gja1/Ppp2ca/Flot2/Prkar1a/Akap5/Adcy8/Mlc1/Tuba1b/Tuba1a/Tuba1c/Faim2/Mapk1/Dlg1/App/Hspa1b/Hspa1a/H2-D1/Trem2/Slc39a6/Eno1b/Grk2/Gnaq/Sorbs1/Lamp2/Pgk1/Gpm6b",49
"GO:0098982","GABA-ergic synapse","29/2058","135/28573",8.8208256699762e-08,1.02719937640691e-06,5.64592746618171e-07,"Rims1/Cacna1e/Gad2/Rps6-ps4/Nbea/Glrb/Bcan/Rps27/Slc6a17/Lpar1/Clstn1/Ctbp1/Kcnd2/Itpr1/Lhfpl4/Slc6a11/Slc6a1/Iqsec3/Clstn3/Ptpro/Clptm1/Cspg5/Cck/Atp2b1/Gabrb2/Nlgn2/Slitrk1/Sst/Nrxn1",29
"GO:0005905","clathrin-coated pit","20/2058","72/28573",1.05492000015704e-07,1.20897180970379e-06,6.64502656740527e-07,"Dgkd/Hip1r/Ap1s1/Aak1/Epn1/Ap2s1/Ap2a1/Arrb1/Cttn/Eps15l1/Myo6/Trf/Reps1/Lrp1/Cltc/Adcy8/Ap2m1/Tnk2/App/Itsn1",20
"GO:0030175","filopodium","24/2058","100/28573",1.25372439271919e-07,1.41435783053634e-06,7.77391605353841e-07,"Map2/Enah/Abi1/Itgav/Snap25/Vcam1/Ube2k/Ptprz1/Vasp/Ap2a1/Apbb1/Gpm6a/Tubb3/Myo5a/Utrn/Palm/Fxr2/Akap5/Myo10/Twf1/App/Shtn1/Fgf13/Fmr1",24
"GO:0016528","sarcoplasm","24/2058","101/28573",1.5329832651223e-07,1.702790642182e-06,9.35926625022035e-07,"Scn3a/Thbs1/Fkbp1a/S100a1/Asph/Fabp3/Sri/Cacna2d1/Nos1/Atp2a2/Itpr1/Rtn2/Calr/Jph3/Akap7/Ank3/Camk2b/Rasd1/Myh10/Atp2a3/Cacnb1/Bag5/Ryr2/Spock1",24
"GO:0099571","postsynaptic cytoskeleton","11/2058","23/28573",1.58274483962983e-07,1.73142693062536e-06,9.51666354928939e-07,"Actb/Cttn/Myo5a/Filip1/Myo6/Marcks/Myh10/Actg1/Nefl/Itsn1/Ina",11
"GO:0044304","main axon","22/2058","88/28573",1.92527528727419e-07,2.0746996379283e-06,1.14034372867615e-06,"Map2/Sptan1/Dnm1/Kcna4/Kcnq2/Bcan/Trim46/Kcna2/Mgll/Mag/Dlg2/Apbb1/Cck/Ank3/Sptbn1/Spock1/Kcnq3/Scn8a/Dlg1/App/Bin1/Lgi1",22
"GO:0032040","small-subunit processome","20/2058","75/28573",2.20244540463657e-07,2.33847879727589e-06,1.28532804573992e-06,"Rps6-ps4/Rps3a1/Rps27/Rps8/Bms1/Emg1/Rps5/Rps19/Rps11/Rps17/Rps13/Rps15a/Rps12/Rps27a/Rps7/Rps23/Rps24/Snu13/Rps28/Pdcd11",20
"GO:0030027","lamellipodium","34/2058","181/28573",2.26126839335547e-07,2.36613881159804e-06,1.30053117360032e-06,"Cdc42bpa/Enah/Abi1/Nckap1/Itgav/Dgkz/Snap25/Rab13/Kcna2/Pkd2/Actb/Ptprz1/Wasl/Ctnna2/Vasp/Inppl1/Apbb1/Cttn/Stxbp2/Mcf2l/Tubb3/Apc2/Actr2/Myh10/Flot2/P4hb/Carmil3/Myo10/Ptk2/App/Itsn1/Slc39a6/Ablim1/Shtn1",34
"GO:0044306","neuron projection terminus","39/2058","224/28573",2.45351733139199e-07,2.53062787609288e-06,1.39094140441321e-06,"Kcnk2/Rapgef4/Flrt3/Fkbp1a/Gria2/Syt11/Kcna2/Kcnc4/Sri/Btbd8/Cplx1/Nos1/Ap1s1/Actb/Dgki/Aak1/Prkcg/Atp1a3/Rab3a/Hspa8/Grik4/Unc13c/Cck/Marcks/Mical1/Syt1/Ppp2ca/Vamp2/Actg1/Ntrk2/Hcn1/Slc4a8/Itsn1/Synj2/Bin1/Syp/Septin6/Slc9a6/Fmr1",39
"GO:0043679","axon terminus","36/2058","202/28573",3.90378545612142e-07,3.96976492861925e-06,2.18195273084919e-06,"Kcnk2/Rapgef4/Flrt3/Fkbp1a/Gria2/Syt11/Kcna2/Kcnc4/Sri/Cplx1/Nos1/Ap1s1/Actb/Dgki/Aak1/Prkcg/Atp1a3/Rab3a/Hspa8/Grik4/Unc13c/Cck/Marcks/Mical1/Ppp2ca/Actg1/Ntrk2/Hcn1/Slc4a8/Itsn1/Synj2/Bin1/Syp/Septin6/Slc9a6/Fmr1",36
"GO:0098562","cytoplasmic side of membrane","37/2058","212/28573",4.63875210427391e-07,4.65163752678578e-06,2.55673909840828e-06,"Pkp4/Traf6/Chmp4b/Gnb4/Ank2/Gng5/Epb41/Gnb1/Gnai1/Fgfr3/Pkd2/Cabp1/Atp2a2/Gnb2/Iqce/Gng11/Prmt8/Ap2s1/Ap2a1/Mcf2l/Atp2b1/Bloc1s1/Kcnip1/Myh10/Stac2/Becn1/Cyth1/Akap5/Ryr2/Snx18/Farp1/Cdip1/Litaf/Ap2m1/Dlg1/Gnaq/Chuk",37
"GO:0009898","cytoplasmic side of plasma membrane","33/2058","180/28573",6.03688132597744e-07,5.9647438075873e-06,3.27847851794783e-06,"Pkp4/Traf6/Chmp4b/Gnb4/Ank2/Gng5/Epb41/Gnb1/Gnai1/Fgfr3/Cabp1/Atp2a2/Gnb2/Iqce/Gng11/Prmt8/Ap2s1/Ap2a1/Mcf2l/Atp2b1/Kcnip1/Myh10/Stac2/Cyth1/Akap5/Ryr2/Snx18/Farp1/Litaf/Ap2m1/Dlg1/Gnaq/Chuk",33
"GO:0048787","presynaptic active zone membrane","18/2058","66/28573",6.11344933187618e-07,5.9647438075873e-06,3.27847851794783e-06,"Rims1/Ntng2/Stxbp1/Snap25/Gria2/Syt11/Cacna2d1/Dgki/Grin2d/Gpm6a/Atp2b1/Gabrb2/Gria1/Flot2/Hcn1/Scn8a/Nrxn1/Apba1",18
"GO:0044295","axonal growth cone","15/2058","48/28573",7.76264288850843e-07,7.47283755400411e-06,4.10739139504235e-06,"Trak2/Snap25/Flrt3/Fkbp4/Taok2/Gpm6a/Trak1/Lrp1/Hdac5/Hsp90aa1/Boc/Hsp90ab1/Nrxn1/Kif5b/Shtn1",15
"GO:0140534","endoplasmic reticulum protein-containing complex","27/2058","135/28573",1.08404791969322e-06,1.02531746419364e-05,5.63558367110369e-06,"Pigc/Sec61a2/Hspa5/Pdia3/Rpn2/Alg14/Elovl6/Emc1/Rint1/Insig1/Mlec/Rpn1/Emc3/Spcs2/Calr/Amfr/Emc8/Hyou1/Sec63/P4hb/Nbas/Pdia6/Sdf2l1/Get1/H2-D1/Ssr4/Arxes2",27
"GO:0044305","calyx of Held","12/2058","32/28573",1.09348261416773e-06,1.02531746419364e-05,5.63558367110369e-06,"Kcnk2/Kcna2/Kcnc4/Cplx1/Nos1/Actb/Aak1/Prkcg/Atp1a3/Unc13c/Actg1/Itsn1",12
"GO:0042383","sarcolemma","31/2058","170/28573",1.47169612442238e-06,1.36226231004225e-05,7.487576773377e-06,"Fer1l5/Col6a3/Kcnj3/Atp1a1/Vcam1/Ank2/Sri/Cacna2d1/Nos3/Nos1/Kcnd2/Sspn/Fkrp/Rtn2/Atp1a3/Igf1r/Lamp1/Mlip/Utrn/Akap7/Ank3/Col6a2/Cltc/Cacnb1/Ryr2/Ptk2/Adcy6/Dlg1/Adcy5/Aqp4/Bin1",31
"GO:0005758","mitochondrial intermembrane space","19/2058","77/28573",1.59932633674434e-06,1.44912058651759e-05,7.96498704063468e-06,"Gatm/Prelid3b/Alpl/Pink1/Chchd2-ps/Park7/Cycs/Immt/Timm29/Rexo2/Micu1/Thop1/Bloc1s1/Prelid1/Timm23/Opa1/Cox17/Sod1/Aifm1",19
"GO:0005790","smooth endoplasmic reticulum","12/2058","33/28573",1.6056737800749e-06,1.44912058651759e-05,7.96498704063468e-06,"Hspa5/Pdia3/Plcb4/Itpr1/Calr/Hyou1/Myo5a/Pdia6/Rtn1/Ryr2/Dnajc3/Rpl10",12
"GO:0005802","trans-Golgi network","40/2058","254/28573",2.46683405627905e-06,2.19883233164626e-05,1.20857237065263e-05,"Rab14/Snap25/Sys1/Stx16/Nbea/Syt11/Rab13/Golph3l/Wls/Bpnt2/Fut9/Caln1/Ap1s1/Ccdc91/Bet1l/Pcsk7/Chst2/Atp2c1/Clvs2/Pcsk4/Arl1/Vps54/Llgl1/Vamp2/Inpp5k/Myo18a/Becn1/Wipi1/Gga3/Rab10/Ntsr2/Eipr1/Pld4/Golph3/Vps13b/Asap1/Rbfox1/Yipf4/Atp9b/Lamp2",40
"GO:0098791","Golgi apparatus subcompartment","47/2058","323/28573",3.3047775124387e-06,2.90981629753749e-05,1.59935959202746e-05,"Golga2/Rab14/Snap25/Sys1/Stx16/Nbea/Syt11/Rab13/Golph3l/Wls/Bpnt2/Fut9/Caln1/Ap1s1/Ccdc91/Bet1l/B4galnt4/Lpcat2/Galnt2/Cog2/Pcsk7/Chst2/Atp2c1/Clvs2/Pcsk4/Arl1/Vps54/Llgl1/Vamp2/Inpp5k/Myo18a/Becn1/Nsf/Wipi1/Gga3/Rab10/Ntsr2/Eipr1/Pld4/Golph3/Vps13b/Asap1/Rbfox1/H2-D1/Yipf4/Atp9b/Lamp2",47
"GO:1902562","H4 histone acetyltransferase complex","13/2058","41/28573",3.5125864927938e-06,3.05552704553871e-05,1.67944845628822e-05,"Atf2/Phf20/Mrgbp/Vps72/Dmap1/Ep400/Actb/Kat8/Morf4l1/Yeats4/Actg1/Kansl2/Mcrs1",13
"GO:0098686","hippocampal mossy fiber to CA3 synapse","16/2058","61/28573",4.46047709477816e-06,3.83388626479742e-05,2.1072680009165e-05,"Rapgef4/Ptprd/Ctnna2/Grin2d/Shank2/Grik4/Stxbp5/Akap7/Syt1/Adcy1/Snap47/Ywhaz/Adcy8/Rogdi/Nectin3/Fmr1",16
"GO:0031970","organelle envelope lumen","20/2058","90/28573",4.91935327325519e-06,4.17855654504735e-05,2.29671354057858e-05,"Gatm/Prelid3b/Alpl/Pink1/Chchd2-ps/Park7/Cycs/Immt/Timm29/Rexo2/Micu1/Thop1/Bloc1s1/Prelid1/Timm23/Opa1/Cox17/App/Sod1/Aifm1",20
"GO:0098871","postsynaptic actin cytoskeleton","8/2058","16/28573",5.44099226486233e-06,4.56790280840768e-05,2.51071491291689e-05,"Actb/Cttn/Myo5a/Filip1/Myo6/Myh10/Actg1/Itsn1",8
"GO:0016529","sarcoplasmic reticulum","18/2058","77/28573",6.81203459137563e-06,5.65320571836001e-05,3.10724384869766e-05,"Thbs1/Fkbp1a/S100a1/Asph/Sri/Cacna2d1/Nos1/Atp2a2/Itpr1/Rtn2/Calr/Akap7/Ank3/Camk2b/Rasd1/Atp2a3/Cacnb1/Ryr2",18
"GO:0120111","neuron projection cytoplasm","14/2058","50/28573",7.6638983626079e-06,6.2878802475033e-05,3.45608813720476e-05,"Map2/Gria2/Wls/Sfpq/Hpca/Dynll1/Hip1r/Hnrnpa2b1/Gabarapl1/Kif3a/Mapk8/Mapk1/Sod1/Fmr1",14
"GO:0099092","postsynaptic density, intracellular component","13/2058","44/28573",8.43910609613724e-06,6.84610629372032e-05,3.76291306711264e-05,"Tnik/Cabp1/Nos1/Ctnna2/Iqsec1/Gapdh/Dlgap2/Akap5/Gapdhrt/Shank3/Dlg1/Nr3c1/Ina",13
"GO:0005681","spliceosomal complex","35/2058","221/28573",8.98955773827323e-06,7.21162298559253e-05,3.96381668693451e-05,"Snrpe/Prpf18/Aqr/Prpf3/Srrm1/Tfip11/Rbm28/Luc7l2/Tra2a/Hnrnpa2b1/Eif4a3l2/Snrpa/Snrpa1/Rbmxl1/Sf3b3/Cwc15/Hspa8/Prpf8/Armc7/Srsf2/Prpf39/Rnf113a2/Prpf4b/Mtrex/Hnrnpc/Snu13/Ddx23/Dhx16/Cdc5l/Snrpd1/Rbm22/Sf3b2/Sart1/Gpkow/Akap17b",35
"GO:0030315","T-tubule","17/2058","72/28573",1.05644807283233e-05,8.3819286657686e-05,4.60706678378009e-05,"Fer1l5/Kcnj3/Atp1a1/Ank2/Sri/Cacna2d1/Nos1/Kcnd2/Rtn2/Igf1r/Akap7/Ank3/Cltc/Cacnb1/Dlg1/Aqp4/Bin1",17
"GO:0098850","extrinsic component of synaptic vesicle membrane","9/2058","22/28573",1.07620086802062e-05,8.44583724685748e-05,4.64219367555805e-05,"Atp6v1h/Syn2/Atp6v1e1/Doc2b/Cltc/Atp6v1c1/Atp6v1a/Atp6v1g2/Bin1",9
"GO:0016607","nuclear speck","50/2058","369/28573",1.23995487939739e-05,9.62631637553671e-05,5.29103553517618e-05,"Hdac4/Nsl1/Dgkz/Rbm39/Vps72/Prpf3/Pnisr/Thrap3/Srrm1/Ythdc1/Bmp2k/Ep400/Tfip11/Luc7l2/Wbp11/Ptprh/Snrpa1/Dock1/Kat6a/Sap18b/Pskh1/Sprtn/Cwc15/Zbtb16/Morf4l1/Rad54l2/Cdc34/Cdc34b/Hdac5/Srsf2/Usp36/Srsf5/Ndufb1/Prpf4b/Rreb1/Ddx46/Habp4/Erbin/Dzip1/Son/Hspa1b/Hspa1a/Cdc5l/Epas1/Nr3c1/Csnk1a1/Rbm4b/Sf3b2/Sart1/Akap17b",50
"GO:0005774","vacuolar membrane","41/2058","283/28573",1.50822429499071e-05,0.000115844461806733,6.36730749396973e-05,"Atp6v1h/Lmbrd1/Atg16l1/Chmp4b/Rpn2/Rnf13/Chmp5/Sesn2/Atp13a2/Plekhm2/Ap1s1/Mios/Atp6v1e1/Gabarapl1/Myo7a/Tmem9b/Lamp1/Map1lc3b/Mtmr2/Slc36a4/Hspa8/Stx7/Bloc1s1/Spag9/Wipi1/Abcd4/Gpr137c/Atp6v1c1/Slc48a1/Cdip1/Clec16a/Litaf/Slc49a4/Atp6v1a/Atp6v0c/H2-DMa/Atp6v1g2/H2-D1/Hsp90ab1/Tfe3/Lamp2",41
"GO:0061695","transferase complex, transferring phosphorus-containing groups","42/2058","296/28573",1.98851515203119e-05,0.00015112715155437,8.3065951503131e-05,"Irs1/Acvr1c/Taf4/Gtf2b/Map3k7/Sesn2/Ccni/Crcp/Pold1/Gtf2h1/Igf1r/Ctr9/Ccnd1/Polr2c/Csnk2a2/Cdkn2d/Skic8/Pkm/Gtf2a2/Polr2m/Leo1/Pik3cb/Zbtb7a/Polr2a/Becn1/Prkar1a/Prps1l3/Pfkp/Ccnh/Wdr41/Pik3r1/Polr2k/Eny2/Pfkm/Gnptg/Brd4/Polr1h/Taf7/Chuk/Las1l/Med12/Taf9b",42
"GO:0043292","contractile fiber","36/2058","241/28573",2.50545809755564e-05,0.000188431327753664,0.000103569923550272,"Rpl7/Fhl2/Hdac4/Dbi/Csrp1/Nebl/Sptan1/Fkbp1a/S100a1/Ank2/Trim32/Sri/Grk3/Nos1/Tnnt1/Fkrp/Calm3/Rtn2/Aldoa/Acta1/Polr2m/Tmod2/Syne1/Gja1/Ank3/Arhgef25/Sptbn1/Actg1/Ryr2/Habp4/Twf1/Scn8a/Myom1/Calm2/Bin1/Rpl17",36
"GO:0005635","nuclear envelope","57/2058","451/28573",2.55346823481874e-05,0.000190062274797848,0.000104466361858564,"Phlpp1/Chmp4b/Cpne1/Phf20/Pgrmc2/Chmp5/Elavl4/Zmpste24/Eno1/Prkg2/Nudt9/Nos1/Clip1/Atp5mf/Nup205/Retsat/Dctn1/Itpr1/Gapdh/Nup62/Pcm1/Calr/Nutf2/Dpy19l1/Polr2m/Mlip/Myo6/Syne1/Dnajb12/Nav3/Yeats4/Xpot/Eif5a/Rap1gap2/Kpnb1/Klhdc2/Zbtb1/Clmn/Gtpbp4/Ryr2/Bicd2/Habp4/Parp8/Gapdhrt/Eny2/Zftraf1/Nup50/Rogdi/App/Itsn1/Ube2i/Nrxn1/Bin1/Eno1b/Emd/Phf8/Gapdh-ps15",57
"GO:0031256","leading edge membrane","27/2058","159/28573",2.60742399984491e-05,0.000192097972233472,0.000105585268307361,"Map2/Itgav/Gria2/Kcnc4/Wls/Hpca/Gabrg1/Hip1r/Ptprz1/Gabarapl1/Shisa7/Rps3/Adgre5/Eef1a1/Myo6/Palm/Apc2/Atp2b1/Sptbn1/Gria1/Arhgap44/Inpp5k/Akap5/Hcn1/Twf1/Synj2/Slc39a6",27
"GO:0008076","voltage-gated potassium channel complex","17/2058","77/28573",2.70825994494635e-05,0.000197511482853663,0.000108560765469939,"Kcnk2/Kcnj3/Kcna4/Snap25/Kcnq2/Kcna2/Kcnc4/Kcnd2/Calm3/Cttn/Kcng4/Kcnip1/Kcnf1/Hcn1/Kcnq3/Calm2/Kcnip2",17
"GO:0030139","endocytic vesicle","33/2058","214/28573",2.79163626422331e-05,0.000201556138276923,0.000110783881222336,"Lmbrd1/Pikfyve/Stxbp1/Rab14/Syt11/Rab13/Stxbp3/Lpar1/Ecpas/Rab11fip5/Ap2s1/Ap2a1/Stxbp2/Lamp1/Calr/Vps11/Myo6/Trf/Stx7/Myo18a/Flot2/Cltc/Becn1/Cdc42ep4/Actg1/Pld4/Ap2m1/Itsn1/Rab11b/H2-D1/Nrxn1/Kif5b/Lamp2",33
"GO:0044853","plasma membrane raft","24/2058","134/28573",2.93932570671357e-05,0.00021011813467794,0.000115489920941221,"Irs1/Lrp4/Mal/Chrnb2/Atp1a1/Lrp8/Nos3/Nos1/Scarb1/Kcnd2/Adcyap1r1/Lipe/Igf1r/Atp1b3/Smpd2/Flot2/Prkar1a/Adcy8/Mlc1/Mapk1/Trem2/Grk2/Gnaq/Sorbs1",24
"GO:0034702","monoatomic ion channel complex","42/2058","301/28573",2.9739937265476e-05,0.000210512104957585,0.000115706463870841,"Cacna1e/Kcnk2/Clic3/Kcnj3/Scn3a/Kcna4/Snap25/Kcnq2/Pex5l/Gria2/Glrb/Chrnb2/Kcna2/Kcnc4/Grin3a/Cacna2d1/Gabrg1/Pkd2/Lrrc8b/Ttyh3/Kcnd2/Trpv6/Cacna2d4/Calm3/Grin2d/Cttn/Kcng4/Grik4/Stxbp5/Micu1/Kcnip1/Gabrb2/Gria1/Cacnb1/Kcnf1/Ryr2/Hcn1/Cacna2d3/Kcnq3/Scn8a/Calm2/Kcnip2",42
"GO:0035770","ribonucleoprotein granule","38/2058","264/28573",3.51163125897139e-05,0.000246155123201684,0.000135297392399817,"Rps6-ps4/Eid1/Top1/Zfand1/Shb/Psmc2/Clock/G3bp2/Rplp0/Actb/Hipk2/Hnrnpa2b1/Cnot3/Rpl28/Sympk/Samd4b/Hnrnpl/Wtip/Trim12a/Ogfod1/Ddx6/Psma4/Dhx30/Trim71/Syne1/Marcks/Rpl6l/Fxr2/Nufip2/Kpnb1/Habp4/Samd4/Tuba1a/Rbfox1/Eif4g1/Dcp2/Ina/Fmr1",38
"GO:0016469","proton-transporting two-sector ATPase complex","13/2058","50/28573",3.83872642123202e-05,0.000266496199627839,0.000146477718704906,"Atp6v1h/Atp5f1c/Atp5f1e/Atp5me/Atp5mf/Atp6v1e1/Atp5mj/Atp6v1c1/Atp6v1a/Atp6v0c/Atp6v1g2/Atp5mk/Atp6ap1",13
"GO:0016324","apical plasma membrane","54/2058","427/28573",4.04469703082043e-05,0.000278121072024033,0.000152867246177374,"Slc39a10/Lct/Ddr2/Kcnj10/Kcnk2/Rab14/Stk39/Rapgef4/Pdia3/Mal/Slc23a2/Tnik/Atp1a1/Ahcyl1/Stxbp3/Vcam1/Mpdz/Hip1r/Atp6v1e1/Ptpro/Upk1a/Ap2a1/Myo7a/Slco2b1/Cd81/Shank2/Stxbp2/Atp1b3/Trf/Slc38a3/Akap7/Gja1/Atp2b1/Erbb3/Nherf1/Slc26a4/Hsp90aa1/Slc4a7/Slc7a8/Mtdh/Adcy8/Ptk2/Mlc1/Pfkm/Slc15a2/Atp6v1a/Nherf2/Hspa1b/Hspa1a/Hsp90ab1/Slc39a6/Slc12a2/Grk2/Shroom2",54
"GO:0033268","node of Ranvier","8/2058","20/28573",4.10038554496528e-05,0.000279290411647635,0.000153509965288174,"Kcnq2/Bcan/Ank3/Spock1/Kcnq3/Scn8a/Dlg1/Bin1",8
"GO:0030016","myofibril","34/2058","228/28573",4.29696963683232e-05,0.00028994505399934,0.000159366212797421,"Rpl7/Fhl2/Hdac4/Csrp1/Nebl/Sptan1/Fkbp1a/S100a1/Ank2/Trim32/Sri/Grk3/Nos1/Tnnt1/Fkrp/Calm3/Rtn2/Aldoa/Acta1/Polr2m/Tmod2/Syne1/Ank3/Arhgef25/Sptbn1/Actg1/Ryr2/Habp4/Twf1/Scn8a/Myom1/Calm2/Bin1/Rpl17",34
"GO:0005901","caveola","19/2058","97/28573",5.50252074103789e-05,0.000367853701391607,0.000202188140289599,"Irs1/Atp1a1/Lrp8/Nos3/Nos1/Scarb1/Kcnd2/Adcyap1r1/Lipe/Igf1r/Atp1b3/Smpd2/Flot2/Adcy8/Mlc1/Mapk1/Grk2/Gnaq/Sorbs1",19
"GO:1904949","ATPase complex","25/2058","148/28573",5.58048632794701e-05,0.000369643222823646,0.000203171737869244,"Atp6v1h/Atp5f1c/Atp5f1e/Dmap1/Atp5me/Ep400/Actb/Atp5mf/Atp6v1e1/Ino80e/Cfdp1/Smarcc2/Cdk2ap1rt/Chd3/Smarce1/Bptf/Atp5mj/Atp6v1c1/Mcrs1/Atp6v1a/Atp6v0c/Atp6v1g2/Smarca2/Atp5mk/Atp6ap1",25
"GO:0034703","cation channel complex","30/2058","194/28573",5.98980493639931e-05,0.000390196830229065,0.000214468880297941,"Cacna1e/Kcnk2/Kcnj3/Scn3a/Kcna4/Snap25/Kcnq2/Pex5l/Kcna2/Kcnc4/Cacna2d1/Pkd2/Kcnd2/Trpv6/Cacna2d4/Calm3/Cttn/Kcng4/Grik4/Micu1/Kcnip1/Cacnb1/Kcnf1/Ryr2/Hcn1/Cacna2d3/Kcnq3/Scn8a/Calm2/Kcnip2",30
"GO:0099091","postsynaptic specialization, intracellular component","13/2058","52/28573",5.99887093565461e-05,0.000390196830229065,0.000214468880297941,"Tnik/Cabp1/Nos1/Ctnna2/Iqsec1/Gapdh/Dlgap2/Akap5/Gapdhrt/Shank3/Dlg1/Nr3c1/Ina",13
"GO:0099568","cytoplasmic region","38/2058","271/28573",6.24534394110035e-05,0.000402601636203076,0.00022128709264989,"Rims1/Map2/Atg16l1/Tubb4b/Stxbp1/Cntrl/Ccdc39/Gria2/Gucy1b1/Wls/Rims3/Sfpq/Hpca/Gnai1/Ctbp1/Pkd2/Dynll1/Hip1r/Hnrnpa2b1/Ctnna2/Dctn1/Tulp3/Gabarapl1/Cfap20/Map1lc3b/Phldb1/Unc13c/Kif3a/Odad4/Prkar1a/Mapk8/Tuba1a/Mapk1/Arl6/Sod1/Tekt4/Bbs1/Fmr1",38
"GO:0098890","extrinsic component of postsynaptic membrane","7/2058","16/28573",6.37147661457514e-05,0.00040709788634719,0.000223758424191414,"Nbea/Fbxo2/Dgki/Ctnna2/Cyth2/Farp1/Crkl",7
"GO:0030135","coated vesicle","31/2058","205/28573",7.01183672265523e-05,0.000444082992434831,0.00024408702164737,"Lmbrd1/Klhl12/Gad2/Golga2/Rab14/Vps16/Rgs19/Rab13/Ecpas/Hip1r/Ap1s1/Ergic2/Epn1/Ap2s1/Ap2a1/Rab3a/Use1/Arcn1/Myo6/Trf/Clvs2/Lrp1/Vamp2/Cltc/Snx18/Ap2m1/Tnk2/App/Ier3ip1/Pacs1/Syp",31
"GO:0032839","dendrite cytoplasm","10/2058","33/28573",7.30698770457019e-05,0.000458751749799972,0.000252149598592491,"Map2/Gria2/Wls/Sfpq/Hpca/Hip1r/Gabarapl1/Mapk8/Mapk1/Sod1",10
"GO:0034705","potassium channel complex","18/2058","91/28573",7.48783691568674e-05,0.000466053297683261,0.000256162841852441,"Kcnk2/Kcnj3/Kcna4/Snap25/Kcnq2/Kcna2/Kcnc4/Kcnd2/Calm3/Cttn/Kcng4/Grik4/Kcnip1/Kcnf1/Hcn1/Kcnq3/Calm2/Kcnip2",18
"GO:0036464","cytoplasmic ribonucleoprotein granule","35/2058","246/28573",8.88323661396842e-05,0.000548179216691043,0.000301302762345128,"Rps6-ps4/Eid1/Top1/Zfand1/Shb/Psmc2/Clock/G3bp2/Rplp0/Actb/Hipk2/Hnrnpa2b1/Cnot3/Rpl28/Samd4b/Wtip/Trim12a/Ogfod1/Ddx6/Psma4/Trim71/Syne1/Marcks/Rpl6l/Fxr2/Nufip2/Kpnb1/Habp4/Samd4/Tuba1a/Rbfox1/Eif4g1/Dcp2/Ina/Fmr1",35
"GO:0072686","mitotic spindle","28/2058","181/28573",0.000103071907479732,0.000630660315257343,0.000346637904726663,"Cul3/Tubb4b/Golga2/Cntrl/Pkp4/Rmdn3/Epb41/Pkd2/Dynll1/Dctn1/Eml2/Nup62/Rps3/Cttn/Haus8/Tubb3/Spag5/Tada2a/Cltc/Tubg1/Eml1/Tubb2a/Kifc2/Haus1/Dynlt3/Haus7/Tbl1x/Smc1a",28
"GO:0099634","postsynaptic specialization membrane","25/2058","154/28573",0.000108350685556667,0.000657388193041289,0.000361328690445496,"Adgrb3/Gria2/Chrnb2/Grin3a/Clstn1/Kcnd2/Ptprz1/Dgki/Clstn3/Ptpro/Shisa7/Cyth2/Grin2d/Dlg2/Hspa8/Grik4/Adcy1/Gabrb2/Gria1/Nlgn2/Rgs9/Slitrk1/Scn8a/Dlg1/Nectin3",25
"GO:0030136","clathrin-coated vesicle","21/2058","119/28573",0.00011240928590749,0.0006763292035434,0.000371739480588806,"Lmbrd1/Gad2/Rab14/Vps16/Rgs19/Rab13/Hip1r/Ap1s1/Epn1/Ap2s1/Ap2a1/Rab3a/Myo6/Clvs2/Lrp1/Vamp2/Cltc/Snx18/Ap2m1/Tnk2/Syp",21
"GO:0097525","spliceosomal snRNP complex","14/2058","63/28573",0.000126069662139572,0.000750152265843914,0.000412315795630785,"Snrpe/Prpf18/Prpf3/Luc7l2/Snrpa/Snrpa1/Sf3b3/Prpf8/Prpf39/Snu13/Ddx23/Snrpd1/Sf3b2/Sart1",14
"GO:0030017","sarcomere","30/2058","202/28573",0.000126757031070578,0.000750152265843914,0.000412315795630785,"Rpl7/Fhl2/Hdac4/Csrp1/Nebl/Sptan1/Fkbp1a/S100a1/Ank2/Trim32/Sri/Grk3/Nos1/Tnnt1/Calm3/Rtn2/Aldoa/Acta1/Polr2m/Tmod2/Syne1/Ank3/Sptbn1/Ryr2/Habp4/Scn8a/Myom1/Calm2/Bin1/Rpl17",30
"GO:0016591","RNA polymerase II, holoenzyme","15/2058","71/28573",0.000134503193026562,0.000783155688428852,0.000430455889397401,"Taf4/Gtf2b/Gtf2h1/Ctr9/Polr2c/Skic8/Gtf2a2/Polr2m/Leo1/Polr2a/Ccnh/Polr2k/Eny2/Taf7/Taf9b",15
"GO:0043198","dendritic shaft","15/2058","71/28573",0.000134503193026562,0.000783155688428852,0.000430455889397401,"Map2/Kcna4/Prex1/Gria2/Lpar1/Grk3/Hspa8/Gria1/Nlgn2/Sez6/Nsf/Ntsr2/Akap5/Hcn1/Grk2",15
"GO:0097470","ribbon synapse","9/2058","29/28573",0.000136571451777677,0.000785166288500126,0.000431561001260457,"Dnm1/Snap25/Atp2a2/Hspa8/Myo6/Atp2b1/Kif3a/Nlgn2/Cltc",9
"GO:0005684","U2-type spliceosomal complex","20/2058","112/28573",0.000137023479710548,0.000785166288500126,0.000431561001260457,"Snrpe/Prpf18/Aqr/Prpf3/Tfip11/Luc7l2/Eif4a3l2/Snrpa1/Sf3b3/Cwc15/Prpf8/Prpf39/Rnf113a2/Snu13/Dhx16/Cdc5l/Snrpd1/Rbm22/Sf3b2/Sart1",20
"GO:0098833","presynaptic endocytic zone","7/2058","18/28573",0.000155887909045683,0.000886228900243962,0.000487109338667406,"Dnm1/Ctbp1/Ap2s1/Myo6/Cltc/Ap2m1/Itsn1",7
"GO:0030532","small nuclear ribonucleoprotein complex","15/2058","72/28573",0.000158708289655198,0.00089521394633635,0.000492047904605342,"Snrpe/Prpf18/Prpf3/Larp7/Luc7l2/Snrpa/Snrpa1/Sf3b3/Prpf8/Prpf39/Snu13/Ddx23/Snrpd1/Sf3b2/Sart1",15
"GO:0032590","dendrite membrane","12/2058","50/28573",0.000174408932327164,0.000976149218141183,0.000536533394429547,"Gria2/Kcnc4/Wls/Hpca/Gabrg1/Gabarapl1/Shisa7/Palm/Atp2b1/Gria1/Akap5/Hcn1",12
"GO:0005849","mRNA cleavage factor complex","8/2058","24/28573",0.000184510333834254,0.00102474200791024,0.000563242071704565,"Ssu72/Sympk/Pcf11/Zc3h3/Csnk1a1/Cpsf7/Cstf2t/Cstf2",8
"GO:0031253","cell projection membrane","42/2058","327/28573",0.000196742506505801,0.00108433656257396,0.000595997789897043,"Map2/Itgav/Gria2/Kcnc4/Wls/Hpca/Gnb1/Gabrg1/Pkd2/Hip1r/Scarb1/Iqce/Ptprz1/Gabarapl1/Shisa7/Rps3/Shank2/Eef1a1/Myo6/Pik3cb/Utrn/Palm/Apc2/Atp2b1/Sptbn1/Gria1/Inpp5k/Nherf1/Slc26a4/Akap5/Hsp90aa1/Hcn1/Slc7a8/Shank3/Twf1/Adcy6/Dlg1/Synj2/Hsp90ab1/Aqp4/Slc39a6/Bbs1",42
"GO:0005847","mRNA cleavage and polyadenylation specificity factor complex","7/2058","19/28573",0.000231503262312348,0.00126625269234481,0.000695986681752433,"Ssu72/Sympk/Zc3h3/Csnk1a1/Cpsf7/Cstf2t/Cstf2",7
"GO:0071339","MLL1 complex","9/2058","31/28573",0.00024106969342235,0.00130866405000704,0.000719297779344882,"Phf20/Taf4/Tex10/Kat8/Senp3/Chd8/Mcrs1/Taf7/Las1l",9
"GO:0031312","extrinsic component of organelle membrane","10/2058","38/28573",0.000267867686016032,0.00144328708435504,0.000793292361571439,"Atp6v1h/Syn2/Atp6v1e1/Stxbp5/Doc2b/Cltc/Atp6v1c1/Atp6v1a/Atp6v1g2/Bin1",10
"GO:0034399","nuclear periphery","22/2058","136/28573",0.000287082438074901,0.00153535940955614,0.00084389925266462,"Map2/Sp100/Sfpq/Srrm1/Msx1/Actb/Nup205/Hnrnpa2b1/Cebpa/Kat8/Anp32a/Xpot/Smarcc2/Smarce1/Dcaf7/Atxn1/Ercc8/Rad21/Sorbs1/Emd/Nono/Smc1a",22
"GO:0071013","catalytic step 2 spliceosome","19/2058","110/28573",0.000310505824326565,0.00164842062620426,0.000906042536928134,"Snrpe/Aqr/Srrm1/Tfip11/Hnrnpa2b1/Eif4a3l2/Snrpa1/Sf3b3/Cwc15/Prpf8/Prpf4b/Mtrex/Hnrnpc/Ddx23/Cdc5l/Snrpd1/Rbm22/Sf3b2/Sart1",19
"GO:0044665","MLL1/2 complex","9/2058","32/28573",0.000314103659714464,0.00165534921396966,0.000909850785342704,"Phf20/Taf4/Tex10/Kat8/Senp3/Chd8/Mcrs1/Taf7/Las1l",9
"GO:0120114","Sm-like protein family complex","16/2058","85/28573",0.000334089167768543,0.00174791579078904,0.000960729338281775,"Snrpe/Prpf18/Prpf3/Larp7/Luc7l2/Snrpa/Snrpa1/Sf3b3/Prpf8/Prpf39/Snu13/Ddx23/Snrpd1/Sf3b2/Sart1/Fmr1",16
"GO:0005819","spindle","45/2058","367/28573",0.000339905851206993,0.00176555413360754,0.000970424126505386,"Cul3/Fmn2/Nsl1/Tubb4b/Golga2/Cntrl/Pkp4/Rmdn3/Tubgcp4/Cdc25b/Nsfl1c/Chmp4b/Chmp5/Epb41/Pkd2/Dynll1/Dctn1/Calm3/Eml2/Nup62/Rps3/Cttn/Haus8/Tubb3/Camk2b/Kif3a/Myh10/Spag5/Tada2a/Cltc/Tubg1/Eml1/Akt1/Tubb2a/Kifc2/App/Calm2/Dctn4/Csnk1a1/Haus1/Dynlt3/Haus7/Emd/Tbl1x/Smc1a",45
"GO:0055029","nuclear DNA-directed RNA polymerase complex","17/2058","94/28573",0.000362016148480217,0.00186696899430512,0.00102616607501535,"Taf4/Gtf2b/Crcp/Gtf2h1/Ctr9/Polr2c/Skic8/Gtf2a2/Polr2m/Leo1/Polr2a/Ccnh/Polr2k/Eny2/Polr1h/Taf7/Taf9b",17
"GO:0005875","microtubule associated complex","23/2058","148/28573",0.000383981838598311,0.00196620487565944,0.00108071036320689,"Map2/Kif21b/Lrp8/Dynll1/Dctn1/Haus8/Dync1li2/Map1lc3b/Dctn2/Nudcd3/Kif3a/Kif1c/Ywhae/Klc1/BC048507/Kifc2/Kif5b/Dctn4/Haus1/Klc2/Shtn1/Dynlt3/Haus7",23
"GO:0099738","cell cortex region","11/2058","47/28573",0.00040744543679342,0.00207165919271021,0.0011386725698378,"Rims1/Stxbp1/Gucy1b1/Rims3/Gnai1/Ctbp1/Pkd2/Ctnna2/Dctn1/Phldb1/Unc13c",11
"GO:0031463","Cul3-RING ubiquitin ligase complex","10/2058","40/28573",0.000420799748540474,0.00212459733179176,0.00116776963709797,"Cul3/Klhl12/Klhl8/Klhl42/Kctd13/Keap1/Kctd2/Kctd17/Kctd5/Rbx1-ps",10
"GO:0035267","NuA4 histone acetyltransferase complex","8/2058","27/28573",0.000458454839941313,0.00228278892715606,0.00125471850931307,"Mrgbp/Vps72/Dmap1/Ep400/Actb/Morf4l1/Yeats4/Actg1",8
"GO:0043189","H4/H2A histone acetyltransferase complex","8/2058","27/28573",0.000458454839941313,0.00228278892715606,0.00125471850931307,"Mrgbp/Vps72/Dmap1/Ep400/Actb/Morf4l1/Yeats4/Actg1",8
"GO:0031201","SNARE complex","11/2058","48/28573",0.000494540063685802,0.0024456022327476,0.00134420767130171,"Snap25/Stx16/Cplx1/Syn2/Bet1l/Use1/Stxbp5/Stx7/Snap47/Vamp2/Stxbp5l",11
"GO:0008180","COP9 signalosome","9/2058","34/28573",0.000515237188013978,0.00253062074657205,0.00139093748572338,"Cops9/Hspa5/Dock7/Dynll1/Cops7a/Epb41l2/Grb2/Hspa1a/Hsp90ab1",9
"GO:0019867","outer membrane","31/2058","229/28573",0.000524122598585994,0.00253970816227575,0.00139593231838163,"Acsl3/Capn10/Mtarc2/Atf2/Rmdn3/Mfn1/Msto1/Cisd2/Slc44a1/Pink1/Eno1/Spata18/Nos1/Ppp1cc/Nipsnap2/Retsat/Rab11fip5/Mgst1/Nutf2/Gja1/Acsl6/Ubb/Sarm1/Becn1/Clmn/Samm50/Opa1/Eno1b/Gpam/Aifm1/Emd",31
"GO:0031968","organelle outer membrane","31/2058","229/28573",0.000524122598585994,0.00253970816227575,0.00139593231838163,"Acsl3/Capn10/Mtarc2/Atf2/Rmdn3/Mfn1/Msto1/Cisd2/Slc44a1/Pink1/Eno1/Spata18/Nos1/Ppp1cc/Nipsnap2/Retsat/Rab11fip5/Mgst1/Nutf2/Gja1/Acsl6/Ubb/Sarm1/Becn1/Clmn/Samm50/Opa1/Eno1b/Gpam/Aifm1/Emd",31
"GO:0000428","DNA-directed RNA polymerase complex","17/2058","97/28573",0.000529171853164276,0.00254708051989738,0.00139998448170479,"Taf4/Gtf2b/Crcp/Gtf2h1/Ctr9/Polr2c/Skic8/Gtf2a2/Polr2m/Leo1/Polr2a/Ccnh/Polr2k/Eny2/Polr1h/Taf7/Taf9b",17
"GO:0099522","cytosolic region","11/2058","49/28573",0.000596659528127072,0.00285290184972017,0.00156807697527993,"Pnkd/Stxbp1/Rims3/Hnrnpa2b1/Prkcg/Hspa8/Nedd4/Stxbp5/Marcks/Fmr1/Gdi1",11
"GO:0044326","dendritic spine neck","5/2058","11/28573",0.000616549037950471,0.00292801907901359,0.00160936461989812,"Gria2/Sri/Atp1a3/Fxr2/Fmr1",5
"GO:0043204","perikaryon","23/2058","153/28573",0.000620480497353295,0.00292801907901359,0.00160936461989812,"Cacna1e/Ckmt1/Top1/Gria2/Kcna2/Ncdn/Hpca/Hnrnpa2b1/Eno2/Hspa8/Grik4/Cck/Camk2b/Rbfox3/Ntsr2/Ntrk2/Ercc8/Mapk8/Ctnnd2/Mcrs1/Mapk1/Shtn1/Fmr1",23
"GO:0098831","presynaptic active zone cytoplasmic component","7/2058","22/28573",0.000646830260895963,0.00303254187251224,0.00166681482131085,"Rims1/Stxbp1/Gucy1b1/Rims3/Ctbp1/Ctnna2/Unc13c",7
"GO:0030880","RNA polymerase complex","17/2058","99/28573",0.000674258843131487,0.00312636676324163,0.00171838499743708,"Taf4/Gtf2b/Crcp/Gtf2h1/Ctr9/Polr2c/Skic8/Gtf2a2/Polr2m/Leo1/Polr2a/Ccnh/Polr2k/Eny2/Polr1h/Taf7/Taf9b",17
"GO:0031965","nuclear membrane","34/2058","263/28573",0.000675503067958025,0.00312636676324163,0.00171838499743708,"Phlpp1/Cpne1/Phf20/Eno1/Prkg2/Nudt9/Nos1/Atp5mf/Nup205/Retsat/Itpr1/Gapdh/Nup62/Pcm1/Nutf2/Dpy19l1/Myo6/Syne1/Dnajb12/Yeats4/Rap1gap2/Kpnb1/Klhdc2/Zbtb1/Clmn/Gtpbp4/Habp4/Gapdhrt/Nup50/Nrxn1/Eno1b/Emd/Phf8/Gapdh-ps15",34
"GO:0010008","endosome membrane","39/2058","316/28573",0.000717560990839251,0.00329986646742636,0.00181374786152462,"Pikfyve/Atg16l1/Pla2g4b/Slc30a4/Vps16/Chmp4b/Atp11b/Rnf13/Chmp5/Ncdn/Atp13a2/Plekhm2/Uevld/Abhd17c/Lamp1/Vps35/Abcg4/Cmtm6/Stx7/Eea1/Gria1/Llgl1/Wipi1/Snx18/Vps28/Slc48a1/Cdip1/Clec16a/Litaf/Atp13a4/Atp13a3/Rab11b/H2-DMa/H2-D1/Zfyve27/Lamp2/Rap2c/Slc9a6/Atp6ap1",39
"GO:0031234","extrinsic component of cytoplasmic side of plasma membrane","14/2058","74/28573",0.000730085403724364,0.00333621304739868,0.00183372549769544,"Traf6/Gnb4/Ank2/Gng5/Gnb1/Gnai1/Cabp1/Atp2a2/Gnb2/Gng11/Mcf2l/Stac2/Ryr2/Gnaq",14
"GO:0034451","centriolar satellite","19/2058","119/28573",0.000850703227864807,0.00386294170137353,0.00212323811257883,"Klhl12/Cntrl/Harbi1/Rbm39/Ak5/Patj/Rab11fip5/Pcm1/Keap1/Chd3/4933427D14Rik/Spag5/Spag9/Exoc7/Dzip1/Kif5b/Bbs1/Wdr13/Upf3b",19
"GO:0033178","proton-transporting two-sector ATPase complex, catalytic domain","6/2058","17/28573",0.000857381220458809,0.00386893275732038,0.00212653105337481,"Atp6v1h/Atp5f1c/Atp5f1e/Atp6v1e1/Atp6v1c1/Atp6v1a",6
"GO:0043195","terminal bouton","16/2058","93/28573",0.000937753051474698,0.00420532734884927,0.00231142792027435,"Gria2/Syt11/Cplx1/Ap1s1/Aak1/Rab3a/Hspa8/Grik4/Unc13c/Cck/Mical1/Ppp2ca/Ntrk2/Slc4a8/Syp/Fmr1",16
"GO:0034663","endoplasmic reticulum chaperone complex","5/2058","12/28573",0.000994347001049505,0.00436864552175034,0.00240119457894719,"Hspa5/Hyou1/P4hb/Pdia6/Sdf2l1",5
"GO:0031672","A band","9/2058","37/28573",0.00100442542466836,0.00436864552175034,0.00240119457894719,"Rpl7/Fhl2/Hdac4/S100a1/Ank2/Sptbn1/Ryr2/Myom1/Rpl17",9
"GO:0046540","U4/U6 x U5 tri-snRNP complex","9/2058","37/28573",0.00100442542466836,0.00436864552175034,0.00240119457894719,"Snrpe/Prpf18/Prpf3/Snrpa/Prpf8/Snu13/Ddx23/Snrpd1/Sart1",9
"GO:0097526","spliceosomal tri-snRNP complex","9/2058","37/28573",0.00100442542466836,0.00436864552175034,0.00240119457894719,"Snrpe/Prpf18/Prpf3/Snrpa/Prpf8/Snu13/Ddx23/Snrpd1/Sart1",9
"GO:0101031","protein folding chaperone complex","9/2058","37/28573",0.00100442542466836,0.00436864552175034,0.00240119457894719,"Cct3/Ptges3-ps/Hspa8/Cct2/Ptges3/Sdf2l1/Cct8/Hsp90ab1/Stip1",9
"GO:0005765","lysosomal membrane","30/2058","230/28573",0.00117215352639752,0.00503746932177983,0.0027688087684954,"Lmbrd1/Atg16l1/Chmp4b/Rnf13/Chmp5/Sesn2/Atp13a2/Plekhm2/Ap1s1/Mios/Myo7a/Tmem9b/Lamp1/Slc36a4/Hspa8/Stx7/Bloc1s1/Spag9/Abcd4/Gpr137c/Slc48a1/Cdip1/Clec16a/Litaf/Slc49a4/H2-DMa/H2-D1/Hsp90ab1/Tfe3/Lamp2",30
"GO:0098852","lytic vacuole membrane","30/2058","230/28573",0.00117215352639752,0.00503746932177983,0.0027688087684954,"Lmbrd1/Atg16l1/Chmp4b/Rnf13/Chmp5/Sesn2/Atp13a2/Plekhm2/Ap1s1/Mios/Myo7a/Tmem9b/Lamp1/Slc36a4/Hspa8/Stx7/Bloc1s1/Spag9/Abcd4/Gpr137c/Slc48a1/Cdip1/Clec16a/Litaf/Slc49a4/H2-DMa/H2-D1/Hsp90ab1/Tfe3/Lamp2",30
"GO:0008287","protein serine/threonine phosphatase complex","11/2058","53/28573",0.00119686149252882,0.00508314116238709,0.00279391196707965,"Ppp1r3d/Ppp2r2c/Ppp1cc/Ppp4r2/Itpr1/Ppp1ccb/Ppp4c/Ppp2r3a/Ppp2ca/Akap5/Ppp2r1a",11
"GO:1903293","phosphatase complex","11/2058","53/28573",0.00119686149252882,0.00508314116238709,0.00279391196707965,"Ppp1r3d/Ppp2r2c/Ppp1cc/Ppp4r2/Itpr1/Ppp1ccb/Ppp4c/Ppp2r3a/Ppp2ca/Akap5/Ppp2r1a",11
"GO:0005777","peroxisome","22/2058","151/28573",0.00122727540257553,0.00514586639973471,0.0028283884424843,"Acsl3/Mtarc2/Phyh/Acbd5/Agps/Cat/Pex5l/Abcd3/Scp2/Pex26/Mgst1/Idh2/Tmem135/Myo5a/Pex13/Acsl6/Trim37/Abcd4/Vwa8/Sod1/Ptgr3/Prdx5",22
"GO:0042579","microbody","22/2058","151/28573",0.00122727540257553,0.00514586639973471,0.0028283884424843,"Acsl3/Mtarc2/Phyh/Acbd5/Agps/Cat/Pex5l/Abcd3/Scp2/Pex26/Mgst1/Idh2/Tmem135/Myo5a/Pex13/Acsl6/Trim37/Abcd4/Vwa8/Sod1/Ptgr3/Prdx5",22
"GO:0032809","neuronal cell body membrane","9/2058","38/28573",0.00123301230907771,0.00514586639973471,0.0028283884424843,"Kcna2/Kcnc4/Hpca/Kcnd2/Cx3cr1/Atp2b1/Gria1/Adcy8/Slc4a8",9
"GO:0098839","postsynaptic density membrane","18/2058","114/28573",0.00131062171582007,0.00543832688978213,0.00298913724660718,"Adgrb3/Gria2/Grin3a/Clstn1/Ptprz1/Dgki/Clstn3/Ptpro/Grin2d/Dlg2/Grik4/Adcy1/Gria1/Rgs9/Slitrk1/Scn8a/Dlg1/Nectin3",18
"GO:0005791","rough endoplasmic reticulum","10/2058","46/28573",0.00136245155681803,0.00562108585155782,0.00308958939500991,"Suco/Sec61a2/Rab14/Lrpap1/Rpn1/Tmcc1/Fkrp/Pkm/Sec63/Ssr4",10
"GO:0045335","phagocytic vesicle","18/2058","115/28573",0.0014512416082233,0.00595338887009788,0.0032722373582547,"Pikfyve/Stxbp1/Rab14/Syt11/Stxbp3/Rab11fip5/Stxbp2/Lamp1/Calr/Myo18a/Becn1/Cdc42ep4/Actg1/Pld4/Rab11b/H2-D1/Kif5b/Lamp2",18
"GO:0005751","mitochondrial respiratory chain complex IV","7/2058","25/28573",0.00150615902719591,0.00612129154254369,0.00336452385411718,"Cox5b/Ndufa4/Uqcrc2/Cox7a2/Cox6c2/Cox7c/Cox8a",7
"GO:0000139","Golgi membrane","33/2058","265/28573",0.00151778380993404,0.00612129154254369,0.00336452385411718,"Pikfyve/Gpsm1/Golga2/Sys1/Golim4/Man1a2/Gbp5/Wls/Pomgnt1/Pitpnb/Cabp1/Wasl/Fkrp/Psenen/Bet1l/B3gat1/Pcsk7/Chst2/Atp2c1/Scap/Zdhhc17/Mgat1/Srebf1/Wscd1/Rtn1/Slc35b3/Vps13b/Asap1/Gnptg/Marchf2/H2-D1/Ric1/Huwe1",33
"GO:0032591","dendritic spine membrane","5/2058","13/28573",0.00152030906851016,0.00612129154254369,0.00336452385411718,"Shisa7/Palm/Atp2b1/Gria1/Akap5",5
"GO:0032589","neuron projection membrane","13/2058","71/28573",0.00152608376406906,0.00612129154254369,0.00336452385411718,"Gria2/Kcnc4/Wls/Hpca/Gabrg1/Gabarapl1/Shisa7/Palm/Atp2b1/Sptbn1/Gria1/Akap5/Hcn1",13
"GO:0005770","late endosome","32/2058","255/28573",0.00156368088827998,0.00623744531126046,0.00342836693737454,"Pikfyve/Rab14/Slc30a4/Vps16/Chmp4b/Rnf13/Chmp5/Ecpas/Atp13a2/Vopp1/Gapdh/Lamp1/Vps35/Dync1li2/Mon1b/Hspa8/Vps11/Myo5a/Trf/Stx7/Gja1/Prkar1a/Abca5/Cdip1/Clec16a/Litaf/Mapk1/Atp13a4/Atp13a3/H2-DMa/Lamp2/Slc9a6",32
"GO:0099523","presynaptic cytosol","8/2058","32/28573",0.00157252046297345,0.00623824051794963,0.00342880401700979,"Pnkd/Stxbp1/Prkcg/Hspa8/Stxbp5/Marcks/Fmr1/Gdi1",8
"GO:0016363","nuclear matrix","17/2058","107/28573",0.00164339726441825,0.0064837859284698,0.00356376628522105,"Sfpq/Srrm1/Actb/Hnrnpa2b1/Cebpa/Kat8/Anp32a/Xpot/Smarcc2/Smarce1/Dcaf7/Atxn1/Ercc8/Rad21/Sorbs1/Nono/Smc1a",17
"GO:0042641","actomyosin","16/2058","98/28573",0.00166203699048573,0.0065216886257103,0.00358459923005217,"Hdac4/Cdc42bpa/Enah/Nebl/Lurap1/Limch1/Actb/Acta1/Myo5a/Myh10/Myo18a/Daam1/Ptk2/Dctn4/Sorbs1/Ablim1",16
"GO:0005769","early endosome","41/2058","353/28573",0.00173877834132871,0.00678593493210447,0.00372984031112901,"Trak2/Pikfyve/Rcsd1/Rab14/Pla2g4b/Vps16/Itch/Atp11b/Vcam1/Wls/Ecpas/Ap1s1/Lmtk2/Rab11fip5/Vps35/Vps11/Myo5a/Trf/Cmtm6/Trak1/Stx7/Gja1/Eea1/Lrp1/Bloc1s1/Gria1/Llgl1/Gga3/Tbc1d16/Hgs/Pld4/Ntrk2/Vps28/Mlc1/Litaf/Mapk1/Atp13a4/Atp13a3/App/H2-D1/Slc9a6",41
"GO:0000421","autophagosome membrane","9/2058","40/28573",0.00181559308375883,0.0070476247659886,0.00387367624548433,"Atg16l1/Chmp4b/Rpn2/Chmp5/Gabarapl1/Lamp1/Map1lc3b/Wipi1/Lamp2",9
"GO:0044291","cell-cell contact zone","15/2058","90/28573",0.00185495676728798,0.00716191864161456,0.00393649705188612,"Sptan1/Pkp4/Atp1a1/Ank2/Ywhah/Atp2a2/Cadm4/Gja1/Ank3/Flot2/Pcdh9/Ptk2/Nectin3/Rap2c/Fgf13",15
"GO:0044298","cell body membrane","9/2058","41/28573",0.00217970805612559,0.00833764383443042,0.00458272594486116,"Kcna2/Kcnc4/Hpca/Kcnd2/Cx3cr1/Atp2b1/Gria1/Adcy8/Slc4a8",9
"GO:0090533","cation-transporting ATPase complex","5/2058","14/28573",0.00222542031496337,0.00833764383443042,0.00458272594486116,"Atp1a4/Atp1a1/Atp2a2/Atp1a3/Atp1b3",5
"GO:0098835","presynaptic endocytic zone membrane","5/2058","14/28573",0.00222542031496337,0.00833764383443042,0.00458272594486116,"Dnm1/Ctbp1/Ap2s1/Cltc/Ap2m1",5
"GO:1990498","mitotic spindle microtubule","5/2058","14/28573",0.00222542031496337,0.00833764383443042,0.00458272594486116,"Haus8/Cltc/Tubg1/Haus1/Haus7",5
"GO:0005753","mitochondrial proton-transporting ATP synthase complex","6/2058","20/28573",0.00222664819734485,0.00833764383443042,0.00458272594486116,"Atp5f1c/Atp5f1e/Atp5me/Atp5mf/Atp5mj/Atp5mk",6
"GO:0034708","methyltransferase complex","17/2058","110/28573",0.00222876074798486,0.00833764383443042,0.00458272594486116,"Snrpe/Phf20/Taf4/Tex10/Setd1b/Kat8/Kdm6b/Senp3/Trim37/Ramacl/Chd8/Kmt2d/Mcrs1/N6amt1/Snrpd1/Taf7/Las1l",17
"GO:0005776","autophagosome","15/2058","92/28573",0.00231855922390993,0.00862886474053078,0.00474279342058625,"Atg16l1/Chmp4b/Trp53inp2/Rpn2/Chmp5/Atp13a2/Tbc1d14/Gabarapl1/Lamp1/Map1lc3b/Hspa8/Ulk3/Becn1/Wipi1/Lamp2",15
"GO:0035097","histone methyltransferase complex","13/2058","76/28573",0.00287071091131052,0.0106289911690574,0.00584214852126352,"Phf20/Taf4/Tex10/Setd1b/Kat8/Kdm6b/Senp3/Trim37/Chd8/Kmt2d/Mcrs1/Taf7/Las1l",13
"GO:0045259","proton-transporting ATP synthase complex","6/2058","21/28573",0.00292927073576488,0.010790476893991,0.00593090798809537,"Atp5f1c/Atp5f1e/Atp5me/Atp5mf/Atp5mj/Atp5mk",6
"GO:0005868","cytoplasmic dynein complex","7/2058","28/28573",0.0030671580752427,0.0111280810569107,0.00611646968720707,"Dynll1/Dctn1/Dync1li2/Nudcd3/BC048507/Dctn4/Dynlt3",7
"GO:0033176","proton-transporting V-type ATPase complex","7/2058","28/28573",0.0030671580752427,0.0111280810569107,0.00611646968720707,"Atp6v1h/Atp6v1e1/Atp6v1c1/Atp6v1a/Atp6v0c/Atp6v1g2/Atp6ap1",7
"GO:0045277","respiratory chain complex IV","7/2058","28/28573",0.0030671580752427,0.0111280810569107,0.00611646968720707,"Cox5b/Ndufa4/Uqcrc2/Cox7a2/Cox6c2/Cox7c/Cox8a",7
"GO:0005876","spindle microtubule","13/2058","77/28573",0.00323070791135734,0.01166285556,0.00641040464516692,"Cul3/Rmdn3/Chmp4b/Chmp5/Calm3/Haus8/Kif3a/Cltc/Tubg1/Calm2/Haus1/Dynlt3/Haus7",13
"GO:0071005","U2-type precatalytic spliceosome","11/2058","60/28573",0.00338717873138747,0.0121668808162276,0.00668743850082785,"Snrpe/Prpf3/Snrpa1/Sf3b3/Prpf8/Rnf113a2/Snu13/Dhx16/Snrpd1/Sf3b2/Sart1",11
"GO:0005884","actin filament","19/2058","134/28573",0.00347737087585717,0.0124290186750935,0.00683152068889085,"Fmn2/Nckap1/Vps16/Afap1/Actb/Cttn/Cotl1/Acta1/Keap1/Vps11/Myo5a/Myo6/Mical1/Specc1l/Apc2/Ptges3/Actg1/Tpm3-rs7/Twf1",19
"GO:0030665","clathrin-coated vesicle membrane","10/2058","52/28573",0.00356708838747988,0.0126868857919235,0.00697325549432156,"Gad2/Ap1s1/Epn1/Ap2s1/Ap2a1/Rab3a/Vamp2/Cltc/Ap2m1/Syp",10
"GO:0044232","organelle membrane contact site","9/2058","44/28573",0.00363006211708524,0.012847572786939,0.00706157594500071,"Atg16l1/Tmx2/Rmdn3/Ckmt1/Ahcyl1/Tmcc1/Clstn3/Osbpl5/Atg2a",9
"GO:0002102","podosome","7/2058","29/28573",0.00379528651506996,0.0133019265236918,0.00731130820736523,"Vcam1/Actb/Cttn/Tns3/Actr2/Mapk8/Asap1",7
"GO:0060077","inhibitory synapse","7/2058","29/28573",0.00379528651506996,0.0133019265236918,0.00731130820736523,"Rims1/Gad2/Syt11/Lhfpl4/Iqsec3/Nlgn2/Nrxn1",7
"GO:0032593","insulin-responsive compartment","4/2058","10/28573",0.00395967809673785,0.013678887970549,0.0075185023544204,"Rab13/Myo5a/Lrp1/Rab10",4
"GO:0033180","proton-transporting V-type ATPase, V1 domain","4/2058","10/28573",0.00395967809673785,0.013678887970549,0.0075185023544204,"Atp6v1h/Atp6v1e1/Atp6v1c1/Atp6v1a",4
"GO:0140092","bBAF complex","4/2058","10/28573",0.00395967809673785,0.013678887970549,0.0075185023544204,"Actb/Smarcc2/Smarce1/Smarca2",4
"GO:0005902","microvillus","16/2058","107/28573",0.00413474547533428,0.0142156487294826,0.00781352904361416,"Kcnj10/Fmn2/Itgav/Car2/Vcam1/Scarb1/Atp6v1e1/Ptprh/Myo7a/Nedd4/Myo6/Nherf1/Slc7a8/Adcy6/Dlg1/Atp6v1a",16
"GO:0070461","SAGA-type complex","8/2058","37/28573",0.00418635485564643,0.0143248730131598,0.00787356338527664,"Taf4/Map3k7/Supt7l/Sf3b3/Tada2a/Eny2/Taf7/Taf9b",8
"GO:0005682","U5 snRNP","5/2058","16/28573",0.00430115240192293,0.0143303577710309,0.00787657804297807,"Snrpe/Prpf18/Prpf8/Ddx23/Snrpd1",5
"GO:0005852","eukaryotic translation initiation factor 3 complex","5/2058","16/28573",0.00430115240192293,0.0143303577710309,0.00787657804297807,"Eif3f/Eif3c/Eif3h/Eif3d/Eif3j2",5
"GO:0035253","ciliary rootlet","5/2058","16/28573",0.00430115240192293,0.0143303577710309,0.00787657804297807,"Spag5/Klc1/App/Kif5b/Klc2",5
"GO:0098533","ATPase dependent transmembrane transport complex","5/2058","16/28573",0.00430115240192293,0.0143303577710309,0.00787657804297807,"Atp1a4/Atp1a1/Atp2a2/Atp1a3/Atp1b3",5
"GO:0030117","membrane coat","15/2058","98/28573",0.00431601103016627,0.0143303577710309,0.00787657804297807,"Klhl12/Dnm1/Vps16/Chmp4b/Ap1s1/Aak1/Epn1/Ap2s1/Ap2a1/Eps15l1/Vps11/Arcn1/Trf/Cltc/Ap2m1",15
"GO:0048475","coated membrane","15/2058","98/28573",0.00431601103016627,0.0143303577710309,0.00787657804297807,"Klhl12/Dnm1/Vps16/Chmp4b/Ap1s1/Aak1/Epn1/Ap2s1/Ap2a1/Eps15l1/Vps11/Arcn1/Trf/Cltc/Ap2m1",15
"GO:0000151","ubiquitin ligase complex","39/2058","349/28573",0.00432689472864923,0.0143303577710309,0.00787657804297807,"Eloc/Cul3/Asb1/Klhl12/Itch/Dcun1d1/Fbxw7/Rnf20/Fbxo2/Ube2j2/Dcun1d4/Klhl8/Fbxw8/Gpr37/Abtb1/Klhl42/Ube2s/Kctd13/Amfr/Med17/Keap1/Nedd4/Fbxo7/Gid4/Dcaf7/Kctd2/Fbxo33/Klhdc2/Dcaf4/Ercc8/Kctd17/Rnf168/Kctd5/Ring1/Rbx1-ps/Fbxl17/Ypel5/Pcgf6/Med12",39
"GO:0071011","precatalytic spliceosome","11/2058","62/28573",0.00440335175358843,0.0145169861465336,0.00797915698679567,"Snrpe/Prpf3/Snrpa1/Sf3b3/Prpf8/Rnf113a2/Snu13/Dhx16/Snrpd1/Sf3b2/Sart1",11
"GO:0005788","endoplasmic reticulum lumen","14/2058","89/28573",0.00445639487833221,0.0146250777370721,0.00803856875182413,"Hspa5/Pdia3/Selenof/Lrpap1/Wnt5b/Calr/Pcsk7/Pcsk4/Os9/P4hb/Pdia6/Txndc16/Dnajc3/Wnt7b",14
"GO:0071782","endoplasmic reticulum tubular network","7/2058","30/28573",0.00464739416265899,0.0151828895268769,0.00834516598867559,"Asph/Rnf41/Kpnb1/Rab10/Parp8/Zfyve27/Emd",7
"GO:0005697","telomerase holoenzyme complex","6/2058","23/28573",0.0048132321524278,0.0155140786341646,0.00852720169861504,"Snrpe/Nop10/Ptges3-ps/Ptges3/Hnrnpc/Dkc1",6
"GO:0016471","vacuolar proton-transporting V-type ATPase complex","6/2058","23/28573",0.0048132321524278,0.0155140786341646,0.00852720169861504,"Atp6v1h/Atp6v1e1/Atp6v1c1/Atp6v1a/Atp6v0c/Atp6v1g2",6
"GO:0097449","astrocyte projection","6/2058","23/28573",0.0048132321524278,0.0155140786341646,0.00852720169861504,"Kcnj10/Kcnk2/Pink1/Mlc1/App/Aqp4",6
"GO:0043296","apical junction complex","22/2058","169/28573",0.00507216705077847,0.0162760204918313,0.008945997558566,"Ildr2/Rab13/Epb41l4b/Mpdz/Patj/Actb/Adcyap1r1/Magi1/Sympk/Vasp/Prkcz2/Cyth2/Plekha7/Ccnd1/Ank3/Cyth1/Actg1/Mtdh/Dlg1/Nectin3/Rap2c/Shroom2",22
"GO:0016328","lateral plasma membrane","12/2058","73/28573",0.00569769522645999,0.0181760165055099,0.009990316697153,"Sptan1/Rab13/Atp1a1/Ptpro/Akap7/Gja1/Ank3/Erbb3/Dlg1/Ppp2r1a/Slc12a2/Fgf13",12
"GO:0005741","mitochondrial outer membrane","25/2058","202/28573",0.00571462014785423,0.0181760165055099,0.009990316697153,"Acsl3/Capn10/Mtarc2/Atf2/Rmdn3/Mfn1/Msto1/Cisd2/Slc44a1/Pink1/Spata18/Nos1/Ppp1cc/Nipsnap2/Rab11fip5/Mgst1/Gja1/Acsl6/Ubb/Sarm1/Becn1/Samm50/Opa1/Gpam/Aifm1",25
"GO:0000776","kinetochore","22/2058","171/28573",0.00582983677384282,0.0183470437988195,0.0100843206183918,"H3f3a/Nsl1/Chmp4b/Gtf2b/Chmp5/Dynll1/Ppp1cc/Actb/Dctn1/Kat8/Bub3/Dync1li2/Cfdp1/Dctn2/Smarcc2/Spag5/Smarce1/Dctn4/Csnk1a1/Dynlt3/Septin6/Smc1a",22
"GO:0002199","zona pellucida receptor complex","4/2058","11/28573",0.00587003755890209,0.0183470437988195,0.0100843206183918,"Cct3/Cct2/Cct8/Hspa1b",4
"GO:0005890","sodium:potassium-exchanging ATPase complex","4/2058","11/28573",0.00587003755890209,0.0183470437988195,0.0100843206183918,"Atp1a4/Atp1a1/Atp1a3/Atp1b3",4
"GO:0044545","NSL complex","4/2058","11/28573",0.00587003755890209,0.0183470437988195,0.0100843206183918,"Phf20/Kat8/Kansl2/Mcrs1",4
"GO:0000779","condensed chromosome, centromeric region","23/2058","182/28573",0.00608115177416492,0.0189249637109788,0.010401970140019,"H3f3a/Nsl1/Cenpb/Chmp4b/Gtf2b/Chmp5/Dynll1/Ppp1cc/Actb/Dctn1/Kat8/Bub3/Dync1li2/Cfdp1/Dctn2/Smarcc2/Spag5/Smarce1/Dctn4/Csnk1a1/Dynlt3/Septin6/Smc1a",23
"GO:0032838","plasma membrane bounded cell projection cytoplasm","27/2058","226/28573",0.00673084894494579,0.0208569654002183,0.0114638809678995,"Map2/Atg16l1/Tubb4b/Cntrl/Ccdc39/Gria2/Wls/Sfpq/Hpca/Dynll1/Hip1r/Hnrnpa2b1/Tulp3/Gabarapl1/Cfap20/Map1lc3b/Kif3a/Odad4/Prkar1a/Mapk8/Tuba1a/Mapk1/Arl6/Sod1/Tekt4/Bbs1/Fmr1",27
"GO:0043235","receptor complex","44/2058","417/28573",0.00721605511999106,0.0222605771745344,0.012235366080769,"Irs1/Gpr37l1/Ddr2/Acvr1c/Itgav/Traf6/Mertk/Pex5l/Gria2/Chrnb2/Il11ra1/Grin3a/Lrp8/Fgfr3/Gabrg1/Gpr37/Plxna4/Adcyap1r1/Axl/Grin2d/Igf1r/Arnt2/Gprc5b/Taok2/Tyk2/Grik4/Trf/Plxnb1/Stxbp5/Lrp1/Erbb3/Gabrb2/Gria1/Ramp2/Ntrk2/Ahrr/Lifr/Itgb5/Alcam/App/Hsp90ab1/Chuk/Plxna3/Plp1",44
"GO:0005759","mitochondrial matrix","34/2058","304/28573",0.00724547872024318,0.0222605771745344,0.012235366080769,"Capn10/Pdhx/Ivd/Mrps5/Acss1/Mccc1/Park7/Pmpcb/Mrps33/Mrpl35/Suclg2/Rps3/Mrpl48/Mrps31/Cbr4/Rexo2/Pccb/Dhx30/Pam16l/Tsfm/Bloc1s1/Elac2/Mrpl27/Glud1/Mettl17/Mrpl13/Abat/Sod2/Fahd1/Hspa1b/Mrps18a/Hspe1-rs1/Me2/Pdha1",34
"GO:0031430","M band","5/2058","18/28573",0.00747756828575128,0.0224406246759756,0.0123343278945077,"Fhl2/S100a1/Ank2/Sptbn1/Myom1",5
"GO:0032433","filopodium tip","5/2058","18/28573",0.00747756828575128,0.0224406246759756,0.0123343278945077,"Abi1/Ube2k/Ap2a1/Myo5a/Fmr1",5
"GO:0098690","glycinergic synapse","5/2058","18/28573",0.00747756828575128,0.0224406246759756,0.0123343278945077,"Glrb/Kcnc4/Iqsec3/Hspa8/Nlgn2",5
"GO:0098985","asymmetric, glutamatergic, excitatory synapse","5/2058","18/28573",0.00747756828575128,0.0224406246759756,0.0123343278945077,"Adgrb3/Elavl2/Ywhah/Plxna4/Shisa7",5
"GO:0005912","adherens junction","20/2058","154/28573",0.00749056862452926,0.0224406246759756,0.0123343278945077,"Pkp4/Tnks1bp1/Cdh4/Actb/Ctnna2/Magi1/Wtip/Plekha7/Keap1/Ddx6/Flot2/Cdc42ep4/Cdh6/Ctnnd2/Arvcf/Dlg1/Nectin3/Ccdc85b/Sorbs1/Shroom2",20
"GO:0070160","tight junction","20/2058","154/28573",0.00749056862452926,0.0224406246759756,0.0123343278945077,"Ildr2/Rab13/Epb41l4b/Mpdz/Patj/Actb/Adcyap1r1/Magi1/Sympk/Vasp/Prkcz2/Cyth2/Ccnd1/Gja1/Ank3/Cyth1/Mtdh/Dlg1/Rap2c/Shroom2",20
"GO:0005795","Golgi stack","14/2058","95/28573",0.00799145277239212,0.0237427442284771,0.0130500285378858,"Golga2/Rab14/Stx16/Golph3l/Bet1l/B4galnt4/Lpcat2/Galnt2/Cog2/Atp2c1/Llgl1/Nsf/Golph3/H2-D1",14
"GO:0070069","cytochrome complex","8/2058","41/28573",0.00802386370048257,0.0237427442284771,0.0130500285378858,"Cox5b/Uqcrh/Ndufa4/Uqcrc2/Cox7a2/Cox6c2/Cox7c/Cox8a",8
"GO:1905360","GTPase complex","8/2058","41/28573",0.00802386370048257,0.0237427442284771,0.0130500285378858,"Gnb4/Gng5/Gnb1/Gnai1/Gnb2/Gng11/Gnaq/Rragb",8
"GO:0031143","pseudopodium","4/2058","12/28573",0.00830788283782836,0.0243832984102117,0.013402104535136,"Capn2/Raf1/Arrb1/Mapk1",4
"GO:0044294","dendritic growth cone","4/2058","12/28573",0.00830788283782836,0.0243832984102117,0.013402104535136,"Map2/Taok2/Hsp90aa1/Hsp90ab1",4
"GO:0099023","vesicle tethering complex","11/2058","68/28573",0.00895574933682197,0.0261783442153258,0.0143887385466946,"Vps16/Rint1/Exoc1/Trappc5/Cog2/Vps11/Vps54/Exoc7/Nbas/Eipr1/Trappc2",11
"GO:0045334","clathrin-coated endocytic vesicle","6/2058","26/28573",0.00912004320886604,0.026551093535489,0.0145936175286184,"Lmbrd1/Ap2s1/Ap2a1/Myo6/Cltc/Ap2m1",6
"GO:0016605","PML body","13/2058","87/28573",0.00924904861765143,0.0268185265138327,0.0147406101410044,"Sp100/Park7/Ski/Hipk2/Kat6a/Zbtb16/Mlip/Sumo3/Chd3/Sumo2/Usp7/Ube2i/Trim8",13
"GO:0005685","U1 snRNP","5/2058","19/28573",0.00955567206711115,0.0273777588589455,0.0150479881758601,"Snrpe/Luc7l2/Snrpa/Prpf39/Snrpd1",5
"GO:0030132","clathrin coat of coated pit","5/2058","19/28573",0.00955567206711115,0.0273777588589455,0.0150479881758601,"Ap2s1/Ap2a1/Eps15l1/Cltc/Ap2m1",5
"GO:0032045","guanyl-nucleotide exchange factor complex","5/2058","19/28573",0.00955567206711115,0.0273777588589455,0.0150479881758601,"Dgki/Pde3b/Dock1/Wdr41/Ric1",5
"GO:0005643","nuclear pore","12/2058","78/28573",0.00967446911418363,0.027608564033362,0.0151748485793519,"Chmp4b/Chmp5/Nup205/Nup62/Nutf2/Xpot/Eif5a/Kpnb1/Bicd2/Eny2/Nup50/Ube2i",12
"GO:0005640","nuclear outer membrane","6/2058","27/28573",0.0110255502175277,0.0313270054176244,0.0172186631322998,"Eno1/Retsat/Nutf2/Clmn/Eno1b/Emd",6
"GO:0005834","heterotrimeric G-protein complex","7/2058","35/28573",0.0112094811809491,0.0313270054176244,0.0172186631322998,"Gnb4/Gng5/Gnb1/Gnai1/Gnb2/Gng11/Gnaq",7
"GO:0098992","neuronal dense core vesicle","7/2058","35/28573",0.0112094811809491,0.0313270054176244,0.0172186631322998,"Scg2/Cacna2d1/Syt5/Stxbp5/Sst/Stxbp5l/App",7
"GO:0000109","nucleotide-excision repair complex","4/2058","13/28573",0.0113245822908587,0.0313270054176244,0.0172186631322998,"Xpc/Pold1/Ercc8/Ercc4",4
"GO:0038201","TOR complex","4/2058","13/28573",0.0113245822908587,0.0313270054176244,0.0172186631322998,"Prr5l/Sesn2/Akt1s1/Prr5",4
"GO:0099535","synapse-associated extracellular matrix","4/2058","13/28573",0.0113245822908587,0.0313270054176244,0.0172186631322998,"Lama5/Bcan/Ptprz1/Hapln4",4
"GO:0099569","presynaptic cytoskeleton","4/2058","13/28573",0.0113245822908587,0.0313270054176244,0.0172186631322998,"Rims1/Rims3/Actg1/Nefl",4
"GO:1990907","beta-catenin-TCF complex","4/2058","13/28573",0.0113245822908587,0.0313270054176244,0.0172186631322998,"Pygo2/Bcl9l/Tle3/Tcf4",4
"GO:0000922","spindle pole","19/2058","150/28573",0.0115988034522661,0.031963114857008,0.0175682961088964,"Cul3/Nsl1/Golga2/Cntrl/Pkp4/Rmdn3/Tubgcp4/Cdc25b/Nsfl1c/Dctn1/Calm3/Nup62/Spag5/Tubg1/Eml1/Calm2/Dctn4/Emd/Smc1a",19
"GO:0031082","BLOC complex","5/2058","20/28573",0.0119986800236999,0.0326907433098541,0.0179682318527701,"Snap25/Bloc1s1/Snap47/Bloc1s5/Hps1",5
"GO:0043202","lysosomal lumen","5/2058","20/28573",0.0119986800236999,0.0326907433098541,0.0179682318527701,"Hspa8/Hexa/Hexb/Lamp2/Ids",5
"GO:0044292","dendrite terminus","5/2058","20/28573",0.0119986800236999,0.0326907433098541,0.0179682318527701,"Map2/Grk3/Taok2/Hsp90aa1/Hsp90ab1",5
"GO:0099524","postsynaptic cytosol","6/2058","28/28573",0.0131960208017872,0.0358177707477081,0.0196869799852543,"Rims3/Hnrnpa2b1/Prkcg/Hspa8/Nedd4/Fmr1",6
"GO:0097386","glial cell projection","8/2058","45/28573",0.0140369778889087,0.0379576705460379,0.0208631605129848,"Kcnj10/Kcnk2/Pink1/Mlc1/Slc4a8/App/Aqp4/Fmr1",8
"GO:0031045","dense core granule","9/2058","54/28573",0.0142887277588215,0.0384942591114519,0.0211580925572494,"Scg2/Cacna2d1/Syt5/Stxbp5/Syt1/Sst/Stxbp5l/App/Sod1",9
"GO:0005686","U2 snRNP","5/2058","21/28573",0.0148328704261796,0.0395757743320093,0.0217525396168064,"Snrpe/Snrpa1/Sf3b3/Snrpd1/Sf3b2",5
"GO:0005665","RNA polymerase II, core complex","4/2058","14/28573",0.0149642470812168,0.0395757743320093,0.0217525396168064,"Polr2c/Polr2m/Polr2a/Polr2k",4
"GO:0035060","brahma complex","4/2058","14/28573",0.0149642470812168,0.0395757743320093,0.0217525396168064,"Actb/Smarcc2/Smarce1/Smarca2",4
"GO:0035686","sperm fibrous sheath","4/2058","14/28573",0.0149642470812168,0.0395757743320093,0.0217525396168064,"Gstm5/Aldoart1/Ldha/Aldoa",4
"GO:0071564","npBAF complex","4/2058","14/28573",0.0149642470812168,0.0395757743320093,0.0217525396168064,"Actb/Smarcc2/Smarce1/Smarca2",4
"GO:0030018","Z disc","17/2058","133/28573",0.0150313588043608,0.039608179039228,0.0217703506309797,"Fhl2/Hdac4/Csrp1/Nebl/Sptan1/Fkbp1a/S100a1/Ank2/Sri/Grk3/Nos1/Rtn2/Aldoa/Ank3/Ryr2/Scn8a/Bin1",17
"GO:0098688","parallel fiber to Purkinje cell synapse","7/2058","37/28573",0.0151438172848855,0.0397594039261358,0.0218534703020166,"Stxbp1/Kcnj3/Plcb4/Ctnna2/Gpm6a/Unc13c/Scn8a",7
"GO:0005923","bicellular tight junction","18/2058","144/28573",0.0156032995247508,0.0408173270176452,0.022434950117586,"Ildr2/Rab13/Epb41l4b/Mpdz/Patj/Adcyap1r1/Magi1/Sympk/Vasp/Prkcz2/Cyth2/Ccnd1/Ank3/Cyth1/Mtdh/Dlg1/Rap2c/Shroom2",18
"GO:0010494","cytoplasmic stress granule","12/2058","84/28573",0.0169648794154701,0.0441872198556962,0.0242871874698899,"Zfand1/G3bp2/Hipk2/Ogfod1/Ddx6/Fxr2/Nufip2/Kpnb1/Habp4/Rbfox1/Eif4g1/Fmr1",12
"GO:0000775","chromosome, centromeric region","29/2058","266/28573",0.017064266298041,0.0441872198556962,0.0242871874698899,"H3f3a/Nsl1/Cenpb/Chmp4b/Gtf2b/Chmp5/Kdm4c/Dynll1/Ppp1cc/Actb/Dctn1/Kat8/Bub3/Dync1li2/Ctcf/Cfdp1/Dctn2/Smarcc2/Ppp2ca/Spag5/Smarce1/Rad21/Ppp2r1a/Dctn4/Csnk1a1/Dynlt3/Septin6/Fmr1/Smc1a",29
"GO:0030662","coated vesicle membrane","13/2058","94/28573",0.0171363179495775,0.0441872198556962,0.0242871874698899,"Klhl12/Gad2/Ap1s1/Epn1/Ap2s1/Ap2a1/Rab3a/Arcn1/Trf/Vamp2/Cltc/Ap2m1/Syp",13
"GO:0031902","late endosome membrane","13/2058","94/28573",0.0171363179495775,0.0441872198556962,0.0242871874698899,"Pikfyve/Chmp4b/Rnf13/Chmp5/Atp13a2/Lamp1/Stx7/Cdip1/Litaf/Atp13a4/Atp13a3/H2-DMa/Lamp2",13
"GO:0005778","peroxisomal membrane","8/2058","47/28573",0.0180416634840704,0.0458082131476722,0.0251781547698971,"Cat/Pex5l/Abcd3/Pex26/Mgst1/Pex13/Trim37/Abcd4",8
"GO:0031903","microbody membrane","8/2058","47/28573",0.0180416634840704,0.0458082131476722,0.0251781547698971,"Cat/Pex5l/Abcd3/Pex26/Mgst1/Pex13/Trim37/Abcd4",8
"GO:0071007","U2-type catalytic step 2 spliceosome","8/2058","47/28573",0.0180416634840704,0.0458082131476722,0.0251781547698971,"Snrpe/Aqr/Snrpa1/Cwc15/Prpf8/Cdc5l/Snrpd1/Rbm22",8
"GO:0005766","primary lysosome","5/2058","22/28573",0.0180821894003969,0.0458082131476722,0.0251781547698971,"Nos1/Stxbp2/Hexa/Stx7/Hexb",5
"GO:0042582","azurophil granule","5/2058","22/28573",0.0180821894003969,0.0458082131476722,0.0251781547698971,"Nos1/Stxbp2/Hexa/Stx7/Hexb",5
"GO:0031674","I band","18/2058","147/28573",0.018919440379179,0.0477616641740114,0.0262518550715881,"Fhl2/Hdac4/Csrp1/Nebl/Sptan1/Fkbp1a/S100a1/Ank2/Sri/Grk3/Nos1/Rtn2/Aldoa/Polr2m/Ank3/Ryr2/Scn8a/Bin1",18
"GO:0031083","BLOC-1 complex","4/2058","15/28573",0.0192633867052748,0.0482922402819736,0.0265434824118735,"Snap25/Bloc1s1/Snap47/Bloc1s5",4
"GO:0044327","dendritic spine head","4/2058","15/28573",0.0192633867052748,0.0482922402819736,0.0265434824118735,"Gria2/Hpca/Atp1a3/Fmr1",4
"GO:0005811","lipid droplet","15/2058","116/28573",0.019501096303378,0.0487190018375048,0.0267780488303533,"Acsl3/Sccpdh/Traf6/Clstn3/Gapdh/Lipe/Tmem135/Smpd1/Lpcat2/Gapdhrt/Abhd4/Pnpla3/Pitpnm1/Atg2a/Gapdh-ps15",15
"GO:0015030","Cajal body","7/2058","39/28573",0.0199712496037336,0.0497215248755023,0.0273290784051091,"Prpf3/Hnrnpa2b1/Habp4/Ice1/Sart1/Fmr1/Dkc1",7
